-- MySQL dump 10.13  Distrib 5.7.22, for Linux (x86_64)
--
-- Host: localhost    Database: ekatte
-- ------------------------------------------------------
-- Server version	5.7.22-0ubuntu0.16.04.1

/*!40101 SET @OLD_CHARACTER_SET_CLIENT=@@CHARACTER_SET_CLIENT */;
/*!40101 SET @OLD_CHARACTER_SET_RESULTS=@@CHARACTER_SET_RESULTS */;
/*!40101 SET @OLD_COLLATION_CONNECTION=@@COLLATION_CONNECTION */;
/*!40101 SET NAMES utf8 */;
/*!40103 SET @OLD_TIME_ZONE=@@TIME_ZONE */;
/*!40103 SET TIME_ZONE='+00:00' */;
/*!40014 SET @OLD_UNIQUE_CHECKS=@@UNIQUE_CHECKS, UNIQUE_CHECKS=0 */;
/*!40014 SET @OLD_FOREIGN_KEY_CHECKS=@@FOREIGN_KEY_CHECKS, FOREIGN_KEY_CHECKS=0 */;
/*!40101 SET @OLD_SQL_MODE=@@SQL_MODE, SQL_MODE='NO_AUTO_VALUE_ON_ZERO' */;
/*!40111 SET @OLD_SQL_NOTES=@@SQL_NOTES, SQL_NOTES=0 */;

--
-- Table structure for table `city`
--

DROP TABLE IF EXISTS `city`;
/*!40101 SET @saved_cs_client     = @@character_set_client */;
/*!40101 SET character_set_client = utf8 */;
CREATE TABLE `city` (
  `id_ekatte` int(5) NOT NULL,
  `type` varchar(7) CHARACTER SET utf8 COLLATE utf8_unicode_ci DEFAULT NULL,
  `name` varchar(20) CHARACTER SET utf8 COLLATE utf8_unicode_ci DEFAULT NULL,
  `municipality` varchar(5) CHARACTER SET utf8 COLLATE utf8_unicode_ci DEFAULT NULL,
  PRIMARY KEY (`id_ekatte`),
  KEY `municipality` (`municipality`),
  CONSTRAINT `city_ibfk_1` FOREIGN KEY (`municipality`) REFERENCES `municipality` (`municipality`)
) ENGINE=InnoDB DEFAULT CHARSET=utf8;
/*!40101 SET character_set_client = @saved_cs_client */;

--
-- Dumping data for table `city`
--

LOCK TABLES `city` WRITE;
/*!40000 ALTER TABLE `city` DISABLE KEYS */;
INSERT INTO `city` VALUES (14,'с.','Абланица','BLG52'),(28,'с.','Абланица','LOV18'),(31,'с.','Абрит','DOB20'),(45,'с.','Мокрен','SLV11'),(59,'с.','Аврамово','BLG53'),(62,'с.','Аврамово','KRZ02'),(84,'с.','Аврен','VAR01'),(93,'с.','Аврен','KRZ15'),(103,'с.','Агатово','GAB29'),(117,'с.','Азманите','GAB35'),(120,'с.','Върбен','KRZ14'),(134,'с.','Изгрев','BLG03'),(148,'с.','Айрово','KRZ16'),(151,'гр.','Айтос','BGS01'),(165,'с.','Аканджиево','PAZ04'),(179,'с.','Акациево','VID09'),(182,'гр.','Аксаково','VAR02'),(196,'с.','Аламовци','SML11'),(206,'с.','Албанци','KRZ08'),(215,'с.','Алваново','TGV35'),(223,'с.','Алдомировци','SFO45'),(237,'с.','Алеково','VTR28'),(240,'с.','Алеково','SLS01'),(254,'с.','Алеко Константиново','PAZ19'),(268,'с.','Александрия','DOB20'),(271,'с.','Александрово','BGS17'),(285,'с.','Александрово','VTR28'),(299,'с.','Александрово','LOV18'),(309,'с.','Александрово','SZR24'),(312,'с.','Александрово','TGV35'),(326,'с.','Александрово','HKV34'),(330,'с.','Александрово','SHU25'),(343,'с.','Александрово','JAM22'),(357,'гр.','Нови Искър','SOF46'),(360,'с.','Александър Стамболий','DOB12'),(374,'с.','Самуилово','DOB15'),(388,'с.','Алиговска','SML31'),(391,'с.','Алино','SFO39'),(401,'с.','Алтимир','VRC08'),(415,'гр.','Алфатар','SLS01'),(429,'с.','Алцек','DOB15'),(432,'с.','Ангеларий','DOB27'),(446,'с.','Ангел войвода','HKV19'),(456,'с.','Ангелов','GAB05'),(480,'с.','Анево','PDV43'),(494,'с.','Антимово','SLS34'),(504,'с.','Антон','SFO54'),(518,'гр.','Антоново','TGV02'),(521,'с.','Аплаци','VTR13'),(549,'с.','Априлово','SFO10'),(552,'с.','Априлово','SZR07'),(566,'с.','Априлово','TGV24'),(571,'с.','Априлци','PAZ19'),(583,'с.','Арбанаси','VTR04'),(597,'с.','Арда','SML31'),(607,'гр.','Ардино','KRZ02'),(610,'с.','Арзан','PER08'),(624,'с.','Арковна','VAR16'),(638,'с.','Армените','GAB05'),(641,'с.','Армянковци','GAB35'),(655,'с.','Арнаутито','SZR31'),(669,'с.','Арпаджик','SML16'),(672,'с.','Арчар','VID16'),(697,'с.','Асен','SZR24'),(702,'гр.','Асеновград','PDV01'),(713,'с.','Асеновец','SLV16'),(730,'с.','Асеново','VTR31'),(744,'с.','Асеново','PVN21'),(758,'с.','Асеново','JAM25'),(761,'с.','Асеновци','PVN16'),(775,'с.','Аспарухово','BGS09'),(789,'с.','Аспарухово','VAR16'),(792,'с.','Аспарухово','MON26'),(802,'с.','Аспарухово','PVN16'),(816,'с.','Атолово','JAM22'),(828,'с.','Ауста','KRZ21'),(833,'гр.','Ахелой','BGS17'),(847,'с.','Ахматово','PDV28'),(850,'с.','Гълъбово','SML02'),(864,'с.','Ахрянско','KRZ02'),(878,'гр.','Ахтопол','BGS13'),(881,'с.','Абланица','PAZ08'),(895,'с.','Айдемир','SLS31'),(905,'с.','Априлци','KRZ14'),(919,'с.','Антимово','VID09'),(2021,'с.','Баба Тонка','TGV24'),(2035,'с.','Бабек','PDV07'),(2049,'с.','Бабино','KNL04'),(2052,'с.','Бабинска река','KNL04'),(2066,'с.','Бабица','PER08'),(2076,'с.','Баблон','SML31'),(2083,'с.','Бабово','RSE33'),(2097,'с.','Бабук','SLS31'),(2107,'с.','Бабяк','BLG02'),(2110,'с.','Багалевци','VTR13'),(2124,'с.','Багра','KRZ16'),(2138,'с.','Багренци','KNL29'),(2141,'с.','Багрилци','KRZ15'),(2155,'с.','Багрянка','KRZ21'),(2169,'с.','Бадевци','VTR13'),(2172,'с.','Бадино','KNL05'),(2191,'с.','Баевци','VTR13'),(2207,'с.','Баевци','GAB05'),(2213,'с.','Баждари','VTR13'),(2227,'с.','Байкал','PVN10'),(2230,'с.','Байкалско','PER36'),(2244,'с.','Байково','SHU11'),(2258,'с.','Байлово','SFO10'),(2261,'с.','Бакалите','KRZ35'),(2289,'с.','Бакьово','SFO43'),(2292,'с.','Балабаново','KRZ21'),(2302,'с.','Балабанско','LOV34'),(2333,'с.','Балалея','GAB12'),(2347,'с.','Баланите','GAB05'),(2350,'с.','Баланово','KNL48'),(2364,'с.','Балван','VTR04'),(2378,'с.','Балванците','GAB12'),(2381,'с.','Балдево','BLG13'),(2395,'с.','Балей','VID06'),(2405,'с.','Балик','DOB27'),(2419,'с.','Балиновци','GAB05'),(2436,'с.','Балкан','HKV30'),(2448,'с.','Балканец','LOV34'),(2453,'с.','Балкан махала','PDV15'),(2467,'с.','Балкански','RAZ26'),(2470,'с.','Балканци','VTR31'),(2484,'с.','Балканци','DOB12'),(2498,'с.','Балуци','VTR13'),(2508,'гр.','Балчик','DOB03'),(2511,'с.','Балша','SOF46'),(2539,'с.','Бальовци','SFO20'),(2542,'с.','Балювица','MON02'),(2556,'с.','Банари','GAB12'),(2563,'с.','Бангейци','GAB35'),(2587,'с.','Баниска','RSE08'),(2590,'с.','Баница','VRC10'),(2600,'с.','Баничан','BLG11'),(2614,'с.','Банище','PER08'),(2628,'с.','Банковец','TGV02'),(2631,'с.','Банковци','GAB05'),(2645,'с.','Банкя','PER51'),(2659,'гр.','Банкя','SOF46'),(2662,'с.','Баново','VAR26'),(2676,'гр.','Банско','BLG01'),(2689,'с.','Банчовци','SFO20'),(2693,'с.','Баня','BLG37'),(2703,'с.','Баня','BGS15'),(2717,'с.','Баня','PAZ20'),(2720,'гр.','Баня','PDV13'),(2734,'с.','Баня','SLV16'),(2748,'с.','Бараково','KNL27'),(2751,'с.','Бараци','KRZ15'),(2765,'с.','Детелина','BGS09'),(2779,'с.','Барутин','SML10'),(2782,'с.','Горна Арда','SML31'),(2796,'с.','Басарбово','RSE27'),(2806,'с.','Баскалци','BLG33'),(2810,'с.','Бата','BGS17'),(2823,'с.','Батак','VTR22'),(2837,'гр.','Батак','PAZ03'),(2854,'с.','Батин','RSE03'),(2868,'с.','Батишница','RSE08'),(2871,'с.','Батово','DOB15'),(2885,'с.','Батошево','GAB29'),(2899,'с.','Батулия','SFO43'),(2909,'с.','Батулци','LOV38'),(2912,'с.','Баурене','VRC21'),(2926,'с.','Бахалин','SFO45'),(2935,'с.','Баховица','LOV18'),(2943,'с.','Бахреци','GAB35'),(2957,'с.','Бацова махала','PVN21'),(2960,'с.','Бачево','BLG37'),(2974,'с.','Бачково','PDV01'),(2988,'с.','Букаците','SML31'),(2991,'с.','Башево','KRZ02'),(3006,'с.','Бащино','KRZ16'),(3017,'с.','Бащино','SLS07'),(3023,'с.','Бащино','SZR23'),(3037,'с.','Баячево','TGV35'),(3040,'с.','Бдинци','DOB15'),(3054,'с.','Беброво','VTR13'),(3068,'с.','Беглеж','PVN24'),(3085,'с.','Бегово','PDV12'),(3099,'с.','Бегуновци','PER08'),(3109,'с.','Бегунци','PDV13'),(3112,'с.','Беден','SML09'),(3126,'с.','Беджене','SHU22'),(3143,'с.','Бежаново','LOV19'),(3157,'с.','Бежаново','DOB12'),(3174,'с.','Безводица','DOB03'),(3188,'с.','Безводно','KRZ35'),(3191,'с.','Безден','SFO26'),(3201,'с.','Безденица','MON29'),(3215,'с.','Безмер','DOB27'),(3229,'с.','Безмер','JAM25'),(3232,'с.','Бейковци','VTR13'),(3246,'с.','Бекриите','GAB05'),(3258,'с.','Каменец','KRZ21'),(3263,'с.','Бела','VID16'),(3277,'с.','Беланица','PER36'),(3280,'с.','Бела Рада','VID09'),(3294,'с.','Беласица','BLG33'),(3304,'с.','Белащица','PDV26'),(3318,'с.','Белгун','DOB17'),(3321,'с.','Белев дол','SML31'),(3335,'с.','Белевехчево','BLG40'),(3349,'с.','Белеврен','BGS06'),(3366,'гр.','Белене','PVN03'),(3373,'с.','Беленци','LOV19'),(3383,'с.','Бели брег','MON04'),(3397,'с.','Бели брод','MON04'),(3407,'с.','Бели бряг','SZR27'),(3410,'с.','Бели вир','KRZ35'),(3424,'с.','Бели дол','HKV11'),(3438,'с.','Бели извор','VRC10'),(3441,'с.','Бели Искър','SFO39'),(3455,'с.','Белила','BGS06'),(3469,'с.','Белимел','MON36'),(3472,'с.','Белинци','RAZ14'),(3486,'с.','Бели Осъм','LOV34'),(3499,'с.','Бели пласт','KRZ16'),(3504,'гр.','Белица','BLG02'),(3513,'с.','Белица','GAB35'),(3527,'с.','Белица','SLS34'),(3530,'с.','Белица','PDV15'),(3544,'с.','Белица','HKV17'),(3558,'с.','Белиш','LOV34'),(3561,'с.','Бел камен','BLG53'),(3575,'с.','Беловец','RAZ16'),(3589,'с.','Беловица','PDV37'),(3592,'гр.','Белово','PAZ04'),(3602,'с.','Белоградец','VAR08'),(3616,'гр.','Белоградчик','VID01'),(3620,'с.','Белозем','PDV25'),(3633,'с.','Белокопитово','SHU30'),(3647,'с.','Беломорци','TGV22'),(3650,'с.','Беломъжите','GAB05'),(3664,'с.','Бело поле','BLG03'),(3678,'с.','Бело поле','VID33'),(3681,'с.','Белополци','HKV11'),(3695,'с.','Белополяне','HKV11'),(3705,'с.','Белопопци','SFO10'),(3719,'гр.','Белослав','VAR04'),(3722,'с.','Белотинци','MON29'),(3736,'с.','Долно Белотинци','MON29'),(3745,'с.','Белцов','RSE37'),(3753,'с.','Белчевци','VTR04'),(3767,'с.','Белчин','SFO39'),(3770,'с.','Белчински бани','SFO39'),(3784,'с.','Бельово','BLG40'),(3798,'с.','Беляковец','VTR04'),(3808,'с.','Беляново','RSE37'),(3811,'с.','Бенковски','VAR01'),(3825,'с.','Бенковски','KRZ14'),(3839,'с.','Бенковски','PDV17'),(3842,'с.','Бенковски','SFO56'),(3856,'с.','Бенковски','SZR31'),(3860,'с.','Бенковски','DOB15'),(3873,'с.','Берайнци','PER51'),(3887,'с.','Беренде','PER19'),(3890,'с.','Беренде','SFO16'),(3900,'с.','Беренде извор','SFO16'),(3914,'с.','Бериево','GAB29'),(3928,'гр.','Берковица','MON02'),(3931,'с.','Берковски','TGV24'),(3945,'с.','Берковци','VTR13'),(3959,'с.','Бероново','BGS23'),(3962,'с.','Берсин','KNL29'),(3976,'с.','Беслен','BLG52'),(3986,'с.','Беснурка','KRZ35'),(3993,'с.','Биволаре','PVN10'),(4008,'с.','Биволяне','KRZ21'),(4011,'с.','Бижовци','VTR04'),(4025,'с.','Бижовци','GAB35'),(4039,'с.','Биково','SLV20'),(4042,'с.','Билинци','PER08'),(4056,'с.','Билка','BGS18'),(4068,'с.','Билкини','GAB12'),(4090,'с.','Било','DOB17'),(4100,'с.','Билянска','SML31'),(4114,'с.','Бинкос','SLV20'),(4128,'с.','Бисер','HKV33'),(4131,'с.','Бисерци','RAZ16'),(4145,'с.','Бистра','SLS01'),(4159,'с.','Бистра','TGV35'),(4162,'с.','Бистренци','RSE04'),(4176,'с.','Бистрец','BGS06'),(4193,'с.','Бистрец','DOB20'),(4203,'с.','Бистрилица','MON02'),(4217,'с.','Бистрица','BLG03'),(4220,'с.','Бистрица','KNL48'),(4234,'с.','Бистрица','SOF46'),(4248,'с.','Бистроглед','KRZ02'),(4251,'с.','Благово','MON29'),(4265,'с.','Благово','SHU30'),(4279,'гр.','Благоевград','BLG03'),(4282,'с.','Благоево','VTR31'),(4296,'с.','Благоево','RAZ26'),(4306,'с.','Благун','KRZ15'),(4314,'с.','Блажиево','KNL05'),(4323,'с.','Блатец','KNL29'),(4337,'с.','Блатец','SLV20'),(4340,'с.','Блатешница','PER19'),(4354,'с.','Блатино','KNL48'),(4368,'с.','Блатница','PAZ32'),(4371,'с.','Блато','KNL04'),(4399,'с.','Блатска','BLG52'),(4409,'с.','Бленика','KRZ16'),(4412,'с.','Близнак','BGS12'),(4426,'с.','Близнаци','VAR01'),(4430,'с.','Близнаци','SHU11'),(4443,'с.','Близнец','SLV24'),(4457,'с.','Блъсково','VAR24'),(4460,'с.','Блъсковци','VTR13'),(4474,'с.','Боазът','GAB29'),(4488,'с.','Бобевци','GAB05'),(4491,'с.','Бобешино','KNL29'),(4501,'гр.','Бобов дол','KNL04'),(4515,'с.','Бобовец','DOB03'),(4529,'с.','Бобораци','PER36'),(4532,'гр.','Бобошево','KNL05'),(4546,'с.','Бов','SFO43'),(4555,'с.','Богатово','GAB29'),(4563,'с.','Богдан','PDV13'),(4580,'с.','Богдан','DOB15'),(4594,'с.','Богданица','PDV28'),(4604,'с.','Богданлия','SFO17'),(4618,'с.','Богданов дол','PER32'),(4621,'с.','Богданово','BGS06'),(4635,'с.','Богданово','SLV16'),(4649,'с.','Богдановци','SFO20'),(4652,'с.','Богданско','VTR13'),(4666,'с.','Богданци','RAZ29'),(4670,'с.','Богданци','SLS07'),(4683,'с.','Богданчовци','GAB05'),(4697,'с.','Богойна','PER51'),(4707,'с.','Боголин','BLG42'),(4724,'с.','Богомил','HKV33'),(4738,'с.','Богомилово','SZR31'),(4741,'с.','Богомилци','RAZ29'),(4755,'с.','Богомолско','TGV02'),(4772,'с.','Богорово','SLS31'),(4786,'с.','Богорово','JAM22'),(4796,'с.','Богослов','KNL29'),(4801,'с.','Богутево','SML38'),(4813,'с.','Богьовци','SFO26'),(4827,'с.','Боденец','VRC27'),(4830,'с.','Стамболово','SFO20'),(4844,'с.','Бодрово','HKV09'),(4861,'с.','Боево','SML27'),(4892,'с.','Боерица','SFO20'),(4902,'с.','Божак','KRZ16'),(4916,'с.','Божан','DOB27'),(4927,'с.','Божаново','DOB29'),(4933,'с.','Бождово','BLG40'),(4947,'с.','Божевци','SLV20'),(4950,'с.','Боженица','SFO07'),(4964,'с.','Боженците','GAB05'),(4981,'с.','Божичен','RSE13'),(5009,'с.','Божурец','DOB17'),(5013,'с.','Божурица','PVN10'),(5027,'гр.','Божурище','SFO06'),(5030,'с.','Божурка','TGV35'),(5044,'с.','Божурлук','PVN16'),(5058,'с.','Божурово','RAZ16'),(5061,'с.','Божурово','DOB15'),(5075,'с.','Божурово','SHU10'),(5089,'с.','Божурци','KRZ35'),(5092,'с.','Бозаджии','SLV20'),(5102,'с.','Бозвелийско','VAR24'),(5124,'с.','Боил','SLS10'),(5133,'с.','Лом Черковна','RSE04'),(5147,'с.','Бойковец','SFO18'),(5150,'с.','Бойково','PDV26'),(5164,'с.','Бойковци','VTR13'),(5181,'с.','Бойник','KRZ15'),(5195,'с.','Бойница','VID03'),(5205,'с.','Бойно','KRZ16'),(5219,'с.','Бойновци','GAB05'),(5222,'с.','Бойчеви колиби','VTR04'),(5236,'гр.','Бойчиновци','MON04'),(5240,'с.','Бойчовци','VTR04'),(5253,'с.','Бокиловци','MON02'),(5267,'с.','Болтата','GAB05'),(5270,'с.','Болярино','PDV25'),(5284,'гр.','Болярово','JAM03'),(5298,'с.','Болярски извор','HKV33'),(5308,'с.','Болярско','JAM25'),(5311,'с.','Болярци','VAR01'),(5325,'с.','Болярци','KRZ16'),(5339,'с.','Болярци','PDV28'),(5342,'с.','Бонево','DOB27'),(5356,'с.','Борец','PDV07'),(5365,'с.','Борие','SML27'),(5387,'с.','Борика','SML16'),(5390,'с.','Борика','SFO20'),(5400,'с.','Борики','GAB05'),(5414,'с.','Бориково','SML31'),(5428,'с.','Бориловец','VID03'),(5431,'с.','Борилово','SZR31'),(5445,'с.','Борима','LOV34'),(5459,'с.','Боримечково','PAZ14'),(5462,'с.','Борино','SML05'),(5476,'с.','Бориново','SML16'),(5480,'с.','Боринци','SLV11'),(5493,'с.','Борислав','PVN27'),(5503,'с.','Бориславци','HKV18'),(5517,'с.','Борисово','RSE33'),(5520,'с.','Борисово','JAM07'),(5534,'с.','Борнарево','PER36'),(5548,'с.','Борован','VRC05'),(5551,'с.','Боров дол','SLV24'),(5565,'с.','Боровец','KNL27'),(5579,'с.','Боровина','SML16'),(5582,'с.','Боровица','VID01'),(5596,'с.','Боровичене','BLG33'),(5606,'с.','Борово','BLG11'),(5611,'гр.','Борово','RSE03'),(5623,'с.','Борово','PDV15'),(5637,'с.','Борово','SZR31'),(5640,'с.','Боровско','KRZ35'),(5654,'с.','Боровци','MON02'),(5668,'с.','Борското','GAB05'),(5671,'с.','Борущица','SZR22'),(5685,'с.','Борци','SHU07'),(5699,'с.','Боряна','VAR16'),(5709,'с.','Босевци','VTR13'),(5712,'с.','Босилица','KRZ35'),(5726,'с.','Босилково','BGS23'),(5737,'с.','Босилково','SML02'),(5743,'с.','Босилковци','RSE04'),(5757,'с.','Босна','SLS32'),(5760,'с.','Боснек','PER32'),(5791,'с.','Бостанци','KRZ35'),(5801,'с.','Бостина','SML31'),(5815,'гр.','Ботевград','SFO07'),(5829,'с.','Ботево','VAR02'),(5832,'с.','Ботево','VID09'),(5846,'с.','Ботево','VRC35'),(5852,'с.','Ботево','MON11'),(5863,'с.','Ботево','JAM25'),(5877,'с.','Ботров','RSE04'),(5894,'с.','Ботуня','VRC21'),(5904,'с.','Ботурче','HKV11'),(5918,'с.','Бохова','PER51'),(5921,'с.','Бохот','PVN24'),(5935,'с.','Бочковци','VTR04'),(5949,'с.','Бошуля','PAZ29'),(5952,'с.','Бояджик','JAM25'),(5966,'с.','Боян','SHU07'),(5978,'с.','Бояна','VAR09'),(5983,'с.','Боян Ботево','HKV19'),(5997,'с.','Бояново','VID15'),(6001,'с.','Бояново','JAM07'),(6015,'с.','Бояновци','VTR04'),(6029,'с.','Боянци','PDV01'),(6032,'с.','Брадвари','SLS31'),(6046,'с.','Бракница','TGV24'),(6050,'с.','Бракьовци','SFO09'),(6077,'с.','Браниполе','PDV26'),(6080,'с.','Браница','HKV33'),(6094,'с.','Браничево','SHU18'),(6104,'с.','Бранище','DOB15'),(6118,'с.','Бранковци','VTR04'),(6121,'с.','Бранковци','VID15'),(6135,'с.','Братан','SLV11'),(6149,'с.','Братаница','PAZ19'),(6152,'с.','Братово','BGS04'),(6166,'с.','Братово','TGV35'),(6175,'с.','Братушково','SFO45'),(6183,'с.','Братя Даскалови','SZR04'),(6197,'с.','Братя Кунчеви','SZR31'),(6207,'гр.','Брацигово','PAZ06'),(6210,'с.','Брегаре','PVN10'),(6224,'гр.','Брегово','VID06'),(6238,'с.','Брежани','BLG44'),(6241,'с.','Брежниците','GAB35'),(6255,'с.','Бреза','SML27'),(6269,'с.','Брезе','SML09'),(6272,'с.','Брезе','SFO43'),(6286,'гр.','Брезник','PER08'),(6306,'с.','Брезница','BLG11'),(6313,'с.','Брезнишки извор','PER08'),(6327,'с.','Брезовдол','SFO43'),(6344,'с.','Брезово','VTR13'),(6361,'гр.','Брезово','PDV07'),(6375,'с.','Бреница','PVN39'),(6389,'с.','Бреница','SLS34'),(6392,'с.','Брест','KNL50'),(6402,'с.','Брест','PVN08'),(6416,'с.','Брестак','VAR09'),(6421,'с.','Брестака','SFO56'),(6433,'с.','Бресте','PVN37'),(6447,'с.','Брестник','PDV26'),(6450,'с.','Брестница','LOV38'),(6464,'с.','Брестница','DOB27'),(6478,'с.','Брестова','SZR37'),(6481,'с.','Брестовене','RAZ11'),(6495,'с.','Брестовец','PVN24'),(6505,'с.','Брестовица','PDV26'),(6519,'с.','Брестовица','RSE03'),(6522,'с.','Брестово','BLG44'),(6536,'с.','Брестово','LOV18'),(6547,'с.','Брод','HKV09'),(6553,'с.','Бродилово','BGS13'),(6567,'с.','Брош','KRZ16'),(6570,'гр.','Брусарци','MON07'),(6584,'с.','Брусевци','HKV18'),(6598,'с.','Брусен','VRC27'),(6608,'с.','Брусен','SFO18'),(6625,'с.','Брусино','HKV11'),(6639,'с.','Брусник','PER08'),(6642,'с.','Брънеците','GAB05'),(6662,'с.','Бръчковци','VTR13'),(6673,'с.','Бръшлен','RSE33'),(6687,'с.','Бръшлян','BGS12'),(6690,'с.','Бръшляница','PVN24'),(6700,'с.','Бръщен','SML10'),(6728,'с.','Бряговец','KRZ15'),(6731,'с.','Бряговица','VTR31'),(6745,'с.','Брягово','PDV23'),(6759,'с.','Брягово','HKV34'),(6762,'с.','Бряст','HKV09'),(6776,'с.','Брястовец','BGS04'),(6788,'с.','Брястово','SLV16'),(6793,'с.','Брястово','DOB03'),(6803,'с.','Брястово','HKV19'),(6817,'с.','Бубино','HKV11'),(6848,'с.','Бузовград','SZR12'),(6851,'с.','Бузяковци','SFO20'),(6865,'с.','Буйновица','SHU07'),(6879,'с.','Буйново','SML05'),(6882,'с.','Буйново','TGV35'),(6896,'с.','Буйновци','VTR13'),(6906,'с.','Бук','KRZ15'),(6919,'с.','Букак','TGV02'),(6923,'с.','Буката','SML31'),(6937,'с.','Букова поляна','SML16'),(6940,'с.','Буковец','VTR04'),(6954,'с.','Буковец','VID09'),(6968,'с.','Буковец','VRC08'),(6971,'с.','Буковец','MON07'),(6985,'с.','Буковец','SFO43'),(6999,'с.','Буковлък','PVN24'),(7003,'с.','Буково','BLG11'),(7017,'с.','Буково','SML16'),(7020,'с.','Букоровци','SFO09'),(7034,'с.','Булаир','VAR13'),(7048,'с.','Буново','KNL29'),(7051,'с.','Буново','SFO56'),(7065,'с.','Бураново','KNL27'),(7079,'гр.','Бургас','BGS04'),(7082,'с.','Буря','GAB29'),(7096,'с.','Бусинци','PER51'),(7106,'с.','Бусманци','SOF46'),(7116,'с.','Бутан','VRC20'),(7123,'с.','Бутово','VTR22'),(7137,'с.','Бутроинци','PER51'),(7140,'гр.','Бухово','SOF46'),(7154,'с.','Буховци','TGV35'),(7168,'с.','Бучино','BLG03'),(7171,'с.','Бучин проход','SFO26'),(7185,'с.','Бучуковци','GAB12'),(7199,'с.','Бъдеще','SZR31'),(7209,'с.','Бъзовец','MON11'),(7212,'с.','Бъзовец','RSE08'),(7226,'с.','Бъзовица','KNL50'),(7231,'с.','Бъзън','RSE27'),(7243,'с.','Българаново','TGV22'),(7257,'с.','Българево','DOB17'),(7260,'с.','Българене','LOV18'),(7274,'с.','Българене','PVN16'),(7288,'с.','Българене','SZR27'),(7291,'с.','Българи','BGS13'),(7315,'с.','Българин','HKV33'),(7329,'с.','Българка','SLS31'),(7332,'гр.','Българово','BGS04'),(7346,'с.','Българска поляна','HKV32'),(7357,'с.','Български извор','LOV33'),(7363,'с.','Българско Сливово','VTR28'),(7377,'с.','Българчево','BLG03'),(7380,'с.','Бънзарето','SZR22'),(7394,'с.','Бърдарево','VAR13'),(7404,'с.','Бърдарите','GAB35'),(7418,'с.','Бърдарски геран','VRC08'),(7421,'с.','Бърдени','GAB35'),(7435,'с.','Бърдо','SFO20'),(7452,'с.','Бърдоква','RAZ14'),(7472,'с.','Бърза река','KRZ35'),(7497,'с.','Бързина','VRC35'),(7507,'с.','Бързица','VAR24'),(7510,'с.','Бързия','MON02'),(7524,'с.','Бъркач','PVN11'),(7538,'с.','Бъркачево','VRC08'),(7541,'с.','Бърложница','SFO45'),(7555,'с.','Бърля','SFO09'),(7569,'с.','Бърчево','SML27'),(7572,'с.','Бъта','PAZ20'),(7586,'с.','Бяга','PAZ06'),(7598,'гр.','Бяла','VAR05'),(7603,'гр.','Бяла','RSE04'),(7613,'с.','Бяла','SLV20'),(7627,'с.','Бяла вода','BGS12'),(7630,'с.','Бяла вода','PVN03'),(7644,'с.','Бяла паланка','SLV24'),(7658,'с.','Бяла поляна','KRZ16'),(7661,'с.','Бяла река','VTR32'),(7675,'с.','Бяла река','PDV23'),(7689,'с.','Бяла река','SML27'),(7692,'с.','Бяла река','SHU10'),(7702,'гр.','Бяла Слатина','VRC08'),(7716,'гр.','Бяла черква','VTR22'),(7729,'с.','Бял бряг','SHU25'),(7733,'с.','Бялградец','HKV11'),(7747,'с.','Бял извор','KRZ02'),(7750,'с.','Бял извор','SZR23'),(7764,'с.','Бялка','KRZ16'),(7778,'с.','Бял кладенец','SLV16'),(7781,'с.','Бял кладенец','HKV30'),(7795,'с.','Бялково','GAB05'),(7805,'с.','Бялковци','VTR13'),(7819,'с.','Бяло поле','SZR23'),(7822,'с.','Бунцево','BLG53'),(7836,'с.','Биркова','PAZ08'),(7853,'с.','Бозьова','PAZ08'),(7867,'с.','Бутрева','PAZ08'),(7870,'с.','Бор','PDV01'),(7884,'с.','Бабинци','LOV33'),(7908,'с.','Бойчета','GAB05'),(7911,'с.','Бурево','SML18'),(7925,'с.','Богатино','KRZ02'),(7939,'с.','Брежана','KRZ08'),(7942,'с.','Брегово','KRZ14'),(7960,'с.','Белица','SFO20'),(10015,'с.','Вазово','RAZ14'),(10029,'с.','Вакарел','SFO20'),(10032,'с.','Ваклино','DOB29'),(10046,'с.','Ваклиново','BLG42'),(10050,'с.','Ваксево','KNL31'),(10063,'с.','Валето','VTR13'),(10080,'с.','Варана','PVN16'),(10094,'с.','Варвара','BGS13'),(10104,'с.','Варвара','PAZ29'),(10118,'с.','Вардим','VTR28'),(10121,'с.','Вардун','TGV35'),(10135,'гр.','Варна','VAR06'),(10149,'с.','Варненци','SLS34'),(10152,'с.','Варник','HKV28'),(10166,'с.','Варовник','BGS06'),(10176,'с.','Васил Друмев','SHU30'),(10183,'с.','Василево','DOB12'),(10207,'с.','Васил Левски','PDV13'),(10210,'с.','Васил Левски','SLS01'),(10224,'с.','Васил Левски','SZR23'),(10238,'с.','Васил Левски','TGV35'),(10255,'с.','Василовци','MON07'),(10269,'с.','Василовци','SFO16'),(10272,'с.','Васильово','LOV33'),(10286,'с.','Васково','HKV17'),(10291,'с.','Ведраре','PDV13'),(10307,'с.','Ведрина','DOB15'),(10313,'с.','Ведрово','BGS23'),(10327,'с.','Везенково','BGS23'),(10330,'с.','Векилски','SHU21'),(10344,'с.','Веленци','GAB35'),(10358,'с.','Велешани','KRZ16'),(10361,'с.','Велика','BGS13'),(10375,'с.','Великан','HKV09'),(10389,'с.','Великденче','KRZ08'),(10392,'с.','Великденче','TGV22'),(10416,'с.','Великово','SZR07'),(10422,'с.','Великово','DOB12'),(10433,'с.','Великовци','TGV02'),(10447,'гр.','Велико Търново','VTR04'),(10450,'гр.','Велинград','PAZ08'),(10464,'с.','Велино','SHU30'),(10478,'с.','Велиново','PER51'),(10481,'с.','Величка','TGV22'),(10495,'с.','Величково','VAR16'),(10505,'с.','Величково','PAZ19'),(10519,'с.','Велково','GAB35'),(10522,'с.','Велковци','VTR13'),(10536,'с.','Велковци','GAB05'),(10548,'с.','Велковци','PER08'),(10553,'с.','Велчево','VTR04'),(10567,'с.','Велчево','LOV02'),(10570,'с.','Велчовци','GAB35'),(10584,'с.','Вельово','TGV02'),(10598,'с.','Велювци','VTR13'),(10608,'с.','Велющец','BLG49'),(10611,'с.','Венелин','VAR13'),(10625,'с.','Венец','BGS09'),(10639,'с.','Венец','SZR23'),(10642,'с.','Венец','SHU07'),(10656,'с.','Венковец','SFO20'),(10663,'с.','Венчан','VAR24'),(10673,'с.','Верен','SZR04'),(10687,'с.','Веренци','TGV22'),(10690,'с.','Веринско','SFO20'),(10700,'с.','Верско','KRZ35'),(10714,'с.','Веселец','RAZ11'),(10728,'с.','Веселец','TGV22'),(10731,'с.','Веселие','BGS27'),(10745,'с.','Веселина','VTR13'),(10759,'с.','Веселина','RAZ17'),(10762,'с.','Веселиново','SHU25'),(10776,'с.','Веселиново','JAM25'),(10789,'с.','Веслец','VRC10'),(10803,'гр.','Ветово','RSE05'),(10817,'с.','Ветрен','KNL31'),(10820,'гр.','Ветрен','PAZ29'),(10834,'с.','Ветрен','SLS31'),(10848,'с.','Ветрен','SZR22'),(10851,'с.','Ветрен дол','PAZ29'),(10865,'с.','Ветрино','VAR08'),(10879,'с.','Ветринци','VTR04'),(10882,'с.','Ветрище','SHU30'),(10896,'с.','Ветрово','GAB05'),(10906,'с.','Ветрушка','HKV11'),(10910,'с.','Вехтино','SML16'),(10923,'с.','Вехтово','SHU30'),(10937,'с.','Вещица','VID01'),(10954,'с.','Виден','SZR24'),(10971,'гр.','Видин','VID09'),(10985,'с.','Видинци','JAM25'),(10999,'с.','Видлица','MON14'),(11003,'с.','Видно','DOB17'),(11017,'с.','Видрар','PER51'),(11020,'с.','Видраре','SFO34'),(11034,'с.','Видрица','PER08'),(11048,'с.','Виево','SML31'),(11051,'с.','Визица','BGS12'),(11065,'с.','Виларе','VTR04'),(11079,'с.','Винарово','VID30'),(11082,'с.','Винарово','SZR36'),(11096,'с.','Винарско','BGS08'),(11106,'с.','Винево','HKV19'),(11123,'с.','Виница','PDV23'),(11137,'с.','Винище','MON29'),(11140,'с.','Виноград','VTR31'),(11154,'с.','Виноградец','PAZ29'),(11168,'с.','Виногради','BLG40'),(11171,'с.','Вирове','MON29'),(11185,'с.','Вировско','VRC10'),(11199,'с.','Вис','HKV11'),(11209,'с.','Вискяр','PER32'),(11212,'с.','Висок','TGV22'),(11226,'с.','Висока','KRZ16'),(11232,'с.','Висока могила','KNL05'),(11243,'с.','Висока поляна','KRZ16'),(11257,'с.','Висока поляна','SHU11'),(11260,'с.','Високите','SML16'),(11274,'с.','Високовци','VTR13'),(11288,'с.','Витановци','PER32'),(11301,'с.','Витина','SML27'),(11315,'с.','Вихрен','BLG40'),(11329,'с.','Вичово','DOB12'),(11332,'с.','Вишан','SFO16'),(11346,'с.','Вишеград','KRZ16'),(11358,'с.','Вишлене','BLG33'),(11363,'с.','Вишна','BGS18'),(11377,'с.','Вишнево','SML02'),(11380,'с.','Вишовград','VTR22'),(11394,'с.','Владая','SOF46'),(11404,'с.','Владимир','PER36'),(11418,'с.','Владимирово','MON04'),(11421,'с.','Владимирово','DOB15'),(11435,'с.','Владимирово','HKV32'),(11449,'с.','Владимировци','RAZ29'),(11452,'с.','Владиня','LOV18'),(11466,'с.','Владислав','VTR31'),(11483,'с.','Владиславци','SFO16'),(11497,'с.','Владиченци','VID16'),(11507,'с.','Владовци','GAB35'),(11510,'с.','Владо Тричков','SFO43'),(11524,'с.','Влайчовци','GAB05'),(11538,'гр.','Свети Влас','BGS15'),(11541,'с.','Власатили','GAB35'),(11555,'с.','Власатица','VRC10'),(11569,'с.','Влахи','BLG28'),(11572,'с.','Влахово','SML31'),(11586,'с.','Влаховци','GAB05'),(11604,'с.','Водата','SML31'),(11613,'с.','Водач','KRZ35'),(11627,'с.','Воден','PDV23'),(11644,'с.','Воден','HKV09'),(11658,'с.','Воден','JAM03'),(11661,'с.','Воденичане','JAM22'),(11675,'с.','Воденичарово','SZR31'),(11689,'с.','Воденичарско','KRZ08'),(11692,'с.','Воденци','HKV30'),(11702,'с.','Водица','VAR02'),(11716,'с.','Водица','TGV24'),(11720,'с.','Водна','VID15'),(11733,'с.','Водни пад','SML09'),(11750,'с.','Водно','VTR31'),(11764,'с.','Водно','SLS10'),(11778,'с.','Воднянци','VID16'),(11781,'с.','Воднянци','DOB15'),(11795,'с.','Водолей','VTR04'),(11805,'с.','Вождово','KRZ35'),(11819,'с.','Войвода','SHU22'),(11822,'с.','Войводенец','HKV30'),(11836,'с.','Войводино','VAR09'),(11845,'с.','Войводиново','PDV17'),(11853,'с.','Войводово','VRC28'),(11867,'с.','Войводово','HKV34'),(11870,'с.','Войкова лъка','SML27'),(11884,'с.','Войнеговци','SOF46'),(11898,'с.','Войнежа','VTR04'),(11908,'с.','Войника','JAM22'),(11911,'с.','Войниково','DOB27'),(11925,'с.','Войница','VID09'),(11939,'с.','Войници','MON29'),(11956,'с.','Войниците','GAB35'),(11960,'с.','Войнишка','GAB29'),(11987,'с.','Войново','KRZ35'),(11990,'с.','Войново','SLS15'),(12005,'с.','Войнягово','PDV13'),(12019,'с.','Войсил','PDV17'),(12022,'с.','Вокил','SLS10'),(12036,'с.','Волно','BLG33'),(12042,'с.','Воловарово','SZR36'),(12053,'с.','Воловарци','KRZ16'),(12067,'с.','Волово','RSE03'),(12084,'с.','Волуяк','SOF46'),(12098,'с.','Вонеща вода','VTR04'),(12108,'с.','Врабево','LOV34'),(12111,'с.','Врабците','GAB05'),(12139,'с.','Врабча','PER51'),(12142,'с.','Вракуповица','BLG49'),(12156,'с.','Врани кон','TGV22'),(12168,'с.','Враниловци','GAB05'),(12173,'с.','Вранино','DOB17'),(12187,'с.','Вранинци','SML16'),(12190,'с.','Вранско','KRZ15'),(12200,'с.','Враня','BLG40'),(12214,'с.','Враняк','VRC08'),(12228,'с.','Враня стена','PER19'),(12231,'с.','Вратарите','DOB15'),(12245,'с.','Вратица','BGS08'),(12259,'гр.','Враца','VRC10'),(12262,'с.','Врачанци','DOB15'),(12283,'с.','Врачеш','SFO07'),(12293,'с.','Врело','KRZ21'),(12303,'с.','Вресово','BGS18'),(12317,'с.','Връв','VID06'),(12320,'с.','Връдловци','SFO09'),(12334,'с.','Всемирци','PAZ08'),(12348,'с.','Вукан','PER51'),(12351,'с.','Вуково','KNL05'),(12365,'с.','Въбел','PVN21'),(12382,'с.','Въгларово','HKV34'),(12396,'с.','Въглевци','VTR04'),(12406,'с.','Въглен','VAR02'),(12414,'с.','Въглен','SLV20'),(12423,'с.','Възел','KRZ35'),(12440,'с.','Вълкан','SLS07'),(12454,'с.','Вълков дол','GAB05'),(12468,'с.','Вълкович','KRZ08'),(12471,'с.','Вълково','BLG40'),(12485,'с.','Вълковци','GAB35'),(12499,'с.','Вълкосел','BLG42'),(12509,'с.','Вълнари','SHU21'),(12512,'с.','Вълчан','SML31'),(12526,'с.','Вълчан дол','SML02'),(12530,'с.','Вълча поляна','JAM07'),(12543,'гр.','Вълчедръм','MON11'),(12557,'с.','Вълчек','VID25'),(12560,'с.','Вълче поле','HKV17'),(12574,'гр.','Вълчи дол','VAR09'),(12588,'с.','Вълчи извор','JAM03'),(12591,'с.','Вълчин','BGS23'),(12601,'с.','Вълчитрън','PVN27'),(12615,'с.','Вълчовци','VTR13'),(12629,'с.','Вълчовци','VTR13'),(12632,'с.','Върба','VID01'),(12655,'с.','Върба','SML16'),(12663,'с.','Върбак','SHU11'),(12677,'с.','Царева ливада','GAB12'),(12680,'с.','Върбен','PDV07'),(12694,'с.','Върбенци','KRZ16'),(12704,'с.','Върбешница','VRC27'),(12718,'с.','Върбина','SML16'),(12721,'с.','Върбино','SLS10'),(12735,'с.','Върбица','VTR06'),(12749,'с.','Върбица','VRC10'),(12752,'с.','Върбица','PVN24'),(12766,'гр.','Върбица','SHU10'),(12770,'с.','Върбница','SFO09'),(12783,'с.','Върбовка','VTR22'),(12797,'с.','Върбово','VID37'),(12807,'с.','Върбово','SML31'),(12810,'с.','Върбово','HKV33'),(12824,'с.','Върбовчец','VID16'),(12838,'с.','Върбяне','SHU19'),(12841,'с.','Въргов дол','SML16'),(12855,'с.','Вързилковци','VTR13'),(12869,'с.','Вързулица','VTR26'),(12886,'с.','Върли дол','KRZ14'),(12896,'с.','Върли дол','SML18'),(12913,'с.','Върлинка','VTR04'),(12927,'с.','Върлино','SML18'),(12958,'с.','Въртоп','VID09'),(12961,'гр.','Вършец','MON12'),(12975,'с.','Вършило','BGS21'),(12989,'с.','Враненци','PAZ08'),(12992,'с.','Врата','PDV01'),(13055,'с.','Вълчанка','KRZ14'),(13069,'с.','Валевци','GAB29'),(14012,'с.','Габаре','VRC08'),(14026,'с.','Габарево','SZR24'),(14034,'с.','Габер','SFO16'),(14043,'с.','Габер','DOB20'),(14057,'с.','Габерово','BGS17'),(14060,'с.','Габерово','HKV18'),(14074,'с.','Габра','SFO17'),(14088,'с.','Габрака','VTR13'),(14091,'с.','Габрене','BLG33'),(14101,'с.','Габрешевци','KNL50'),(14115,'с.','Габрина','SML16'),(14129,'с.','Габрица','SML31'),(14132,'с.','Габрица','SHU07'),(14146,'с.','Габровдол','PER19'),(14163,'с.','Габровица','PAZ04'),(14180,'с.','Габровница','MON29'),(14194,'с.','Габровница','SFO43'),(14204,'с.','Габрово','BLG03'),(14218,'гр.','Габрово','GAB05'),(14221,'с.','Габрово','KRZ35'),(14235,'с.','Габровци','VTR04'),(14249,'с.','Габър','BGS21'),(14252,'с.','Габърница','VAR08'),(14275,'с.','Гавраилово','SLV20'),(14283,'с.','Гаврил Геново','MON14'),(14297,'с.','Гаганица','MON02'),(14307,'с.','Гагово','TGV24'),(14310,'с.','Гайдари','GAB35'),(14324,'с.','Гайкини','GAB05'),(14338,'с.','Гайтанево','SFO10'),(14341,'с.','Гайтаниново','BLG52'),(14355,'с.','Гайтаните','GAB05'),(14369,'с.','Гайтанци','VID09'),(14386,'с.','Галата','LOV33'),(14390,'с.','Галатин','VRC21'),(14406,'с.','Галиче','VRC08'),(14413,'с.','Галище','SML16'),(14427,'с.','Галово','VRC31'),(14430,'с.','Ганев дол','VTR13'),(14458,'с.','Ганчовец','GAB12'),(14461,'с.','Бов','SFO43'),(14475,'с.','Лакатник','SFO43'),(14489,'с.','Орешец','VID16'),(14492,'гр.','Кресна','BLG28'),(14516,'с.','Хитрино','SHU11'),(14521,'с.','Златарица','BLG02'),(14533,'с.','Гарван','GAB05'),(14547,'с.','Гарван','SLS32'),(14550,'с.','Гарваново','HKV34'),(14578,'с.','Гащевци','VTR04'),(14581,'с.','Гега','BLG33'),(14605,'с.','Гела','SML31'),(14619,'с.','Гелеменово','PAZ19'),(14647,'с.','Генерал Гешево','KRZ08'),(14653,'с.','Генерал Кантарджиево','VAR02'),(14667,'с.','Генерал Киселово','VAR09'),(14670,'с.','Генерал Колево','VAR09'),(14684,'с.','Генерал Колево','DOB15'),(14698,'с.','Генерал Мариново','VID09'),(14708,'с.','Генералово','HKV28'),(14711,'гр.','Генерал Тошево','DOB12'),(14725,'с.','Генерал Тошево','JAM25'),(14742,'с.','Геновци','GAB05'),(14756,'с.','Генчовци','GAB05'),(14762,'с.','Геня','GAB12'),(14773,'с.','Георги Дамяново','MON14'),(14787,'с.','Георги Добрево','HKV17'),(14800,'с.','Гергевец','SLV20'),(14814,'с.','Гергини','GAB05'),(14831,'с.','Герман','SOF46'),(14859,'с.','Геша','GAB12'),(14862,'с.','Гешаново','DOB15'),(14876,'с.','Гиген','PVN08'),(14888,'с.','Искър','PVN08'),(14893,'с.','Гигинци','PER08'),(14903,'с.','Гинци','SFO09'),(14917,'с.','Гирчевци','KNL29'),(14920,'с.','Гита','SZR36'),(14934,'с.','Глава','PVN37'),(14948,'с.','Главан','SLS31'),(14951,'с.','Главан','SZR07'),(14965,'с.','Главановци','MON14'),(14979,'с.','Главановци','PER51'),(14982,'с.','Главанци','DOB27'),(14996,'с.','Главатар','PDV12'),(15000,'с.','Главатарци','KRZ16'),(15014,'с.','Главаци','VRC21'),(15028,'с.','Главиница','PAZ19'),(15031,'гр.','Главиница','SLS07'),(15045,'с.','Глашатай','TGV02'),(15059,'с.','Гледаци','GAB05'),(15062,'с.','Гледачево','SZR27'),(15093,'с.','Гледка','HKV30'),(15103,'с.','Глогинка','TGV24'),(15117,'с.','Глогино','SML02'),(15120,'с.','Глоговец','VTR13'),(15134,'с.','Глоговица','PER51'),(15148,'с.','Глогово','LOV33'),(15151,'гр.','Глоджево','RSE05'),(15165,'с.','Гложене','LOV33'),(15179,'с.','Глумово','HKV11'),(15182,'с.','Глумче','BGS09'),(15196,'с.','Глутниците','GAB35'),(15206,'с.','Глуфишево','SLV20'),(15216,'с.','Глухар','KRZ16'),(15223,'с.','Глушка','GAB12'),(15237,'с.','Глушник','SLV20'),(15240,'с.','Гнездаре','HKV11'),(15268,'с.','Гняздово','KRZ16'),(15271,'с.','Говедаре','PAZ19'),(15285,'с.','Говедарци','SFO39'),(15299,'с.','Говежда','MON14'),(15309,'гр.','Годеч','SFO09'),(15312,'с.','Годешево','BLG42'),(15326,'с.','Годлево','BLG37'),(15331,'с.','Гоз','PER08'),(15343,'с.','Гоздевица','SML31'),(15357,'с.','Гоздейка','GAB12'),(15374,'с.','Голак','SFO25'),(15391,'с.','Големани','VTR13'),(15401,'с.','Големаните','VTR04'),(15415,'с.','Големаново','VID22'),(15429,'с.','Големанци','HKV34'),(15432,'с.','Голема Раковица','SFO17'),(15446,'с.','Голема Фуча','KNL04'),(15457,'с.','Голям Върбовник','KNL04'),(15463,'с.','Големи Българени','GAB12'),(15480,'с.','Големи Станчовци','GAB35'),(15494,'с.','Големо Бабино','VRC21'),(15504,'с.','Големо Бучино','PER32'),(15518,'с.','Големо Малово','SFO16'),(15521,'с.','Голямо Пещене','VRC10'),(15535,'с.','Големо село','KNL04'),(15549,'с.','Голем Цалим','BLG40'),(15552,'с.','Голец','LOV36'),(15566,'с.','Голеш','SLS15'),(15572,'с.','Голеш','SFO09'),(15583,'с.','Голешово','BLG40'),(15597,'с.','Голица','VAR13'),(15607,'с.','Голобрад','KRZ02'),(15610,'с.','Голобрадово','HKV30'),(15638,'с.','Гълъбово','BLG02'),(15641,'с.','Голяма бара','KRZ16'),(15655,'с.','Голяма Брестница','LOV38'),(15669,'с.','Голяма вода','RAZ29'),(15698,'с.','Голяма долина','HKV18'),(15703,'с.','Голяма Желязна','LOV34'),(15713,'с.','Голяма Чинка','KRZ15'),(15727,'с.','Голям Девесил','KRZ15'),(15730,'с.','Голям Дервент','JAM07'),(15744,'с.','Голям дол','SZR04'),(15758,'с.','Голям извор','LOV33'),(15761,'с.','Голям извор','RAZ29'),(15775,'с.','Голям извор','HKV30'),(15789,'с.','Голям манастир','JAM25'),(15792,'с.','Голямо Асеново','HKV09'),(15802,'с.','Голямо Белово','PAZ04'),(15816,'с.','Голямо Буково','BGS06'),(15829,'с.','Голямо Враново','RSE33'),(15833,'с.','Голямо градище','TGV23'),(15850,'с.','Голямо Доляне','TGV02'),(15864,'с.','Голямо Дряново','SZR12'),(15878,'с.','Голямо Каменяне','KRZ15'),(15881,'с.','Голямо Крушево','JAM03'),(15895,'с.','Голямо ново','TGV35'),(15919,'с.','Голямо Соколово','TGV35'),(15922,'с.','Голямо църквище','TGV22'),(15936,'с.','Голямо Чочовени','SLV20'),(15944,'гр.','Шивачево','SLV24'),(15953,'с.','Голям Поровец','RAZ14'),(15967,'с.','Подгорец','BGS18'),(15970,'с.','Голям чардак','PDV33'),(15984,'с.','Голяновци','SFO26'),(15998,'с.','Гомотарци','VID09'),(16002,'с.','Горан','LOV18'),(16016,'с.','Горановци','VTR04'),(16026,'с.','Горановци','KNL29'),(16033,'с.','Гореме','BLG49'),(16047,'с.','Горен Еневец','VTR04'),(16050,'с.','Горен чифлик','VAR13'),(16064,'с.','Горица','BGS17'),(16078,'с.','Горица','VAR05'),(16081,'с.','Горица','TGV24'),(16095,'с.','Горичане','DOB29'),(16105,'с.','Горичево','RAZ16'),(16119,'с.','Горна Бела речка','MON12'),(16122,'с.','Горна Бешовица','VRC27'),(16136,'с.','Горна Брезница','BLG28'),(16141,'с.','Горна Брестница','KNL29'),(16153,'с.','Горна Вереница','MON29'),(16167,'с.','Горна Врабча','PER19'),(16170,'с.','Горна Глоговица','PER19'),(16184,'с.','Септемврийци','MON11'),(16198,'с.','Горна Гращица','KNL29'),(16208,'с.','Горна Диканя','PER36'),(16211,'с.','Горна Златица','TGV02'),(16225,'с.','Горна Кабда','TGV35'),(16239,'с.','Горна Ковачица','MON36'),(16242,'с.','Горна Козница','KNL04'),(16256,'с.','Горна Кремена','VRC27'),(16267,'с.','Горна крепост','KRZ16'),(16273,'с.','Горна Крушица','BLG49'),(16287,'с.','Горна кула','KRZ15'),(16290,'с.','Горна Липница','VTR22'),(16300,'с.','Горна Лука','MON36'),(16314,'с.','Горна Малина','SFO10'),(16328,'с.','Горна махала','PDV12'),(16331,'с.','Горна Мелна','PER51'),(16345,'с.','Горна Митрополия','PVN10'),(16359,'гр.','Горна Оряховица','VTR06'),(16362,'с.','Горна Рибница','BLG49'),(16376,'с.','Горна Росица','GAB29'),(16382,'с.','Горна Секирна','PER08'),(16393,'с.','Горна Студена','VTR28'),(16403,'с.','Горна Сушица','BLG40'),(16417,'с.','Горна Хаджийска','VTR14'),(16420,'с.','Горна Хубавка','TGV22'),(16448,'с.','Горни Богров','SOF46'),(16451,'с.','Горни Вадин','VRC31'),(16479,'с.','Горни Върпища','GAB12'),(16496,'с.','Горни Главанак','HKV18'),(16506,'с.','Горни Дамяновци','GAB35'),(16513,'с.','Горни Домлян','PDV13'),(16523,'с.','Горни Драгойча','GAB12'),(16537,'с.','Горни Дъбник','PVN11'),(16540,'с.','Горник','PVN37'),(16554,'с.','Горни Коритен','KNL50'),(16568,'с.','Горни край','VTR13'),(16571,'с.','Горни Лом','VID37'),(16585,'с.','Горни Маренци','GAB35'),(16599,'с.','Горни Окол','SFO39'),(16609,'с.','Горни Радковци','GAB35'),(16612,'с.','Горни Романци','PER08'),(16626,'с.','Горни Танчевци','VTR13'),(16639,'с.','Горни Цибър','MON11'),(16643,'с.','Горни Цоневци','GAB35'),(16660,'с.','Горни Юруци','KRZ15'),(16674,'с.','Горно Абланово','RSE03'),(16688,'с.','Горно Александрово','SLV20'),(16691,'с.','Горно Белево','SZR04'),(16701,'с.','Горно Ботево','SZR31'),(16715,'с.','Горнова могила','GAB05'),(16729,'с.','Горно Войводино','HKV34'),(16732,'с.','Горно вършило','PAZ29'),(16754,'с.','Горно Драглище','BLG37'),(16763,'с.','Горно Дряново','BLG13'),(16780,'с.','Горно Изворово','SZR12'),(16794,'с.','Горно Камарци','SFO10'),(16804,'с.','Горно Кобиле','KNL50'),(16818,'с.','Горно Козарево','TGV22'),(16821,'с.','Горно Къпиново','KRZ14'),(16835,'с.','Горно Луково','HKV11'),(16849,'с.','Горно Новково','TGV22'),(16852,'с.','Горно ново село','SZR04'),(16866,'с.','Горно Озирово','MON12'),(16870,'с.','Горно Осеново','BLG44'),(16883,'с.','Горно Павликене','LOV18'),(16897,'с.','Горно Пещене','VRC10'),(16907,'с.','Горно поле','HKV18'),(16910,'с.','Горно Прахово','KRZ02'),(16924,'с.','Горно Сахране','SZR24'),(16938,'с.','Горно село','SFO16'),(16941,'с.','Горноселци','HKV11'),(16955,'с.','Горнослав','PDV01'),(16969,'с.','Горно Спанчево','BLG40'),(16986,'с.','Горно трапе','LOV34'),(16995,'с.','Горно Уйно','KNL29'),(17004,'с.','Горно Хърсово','BLG03'),(17018,'с.','Горно Церовене','MON29'),(17035,'с.','Горно Ябълково','BGS06'),(17049,'с.','Горово','BGS23'),(17052,'с.','Горово','SML31'),(17066,'с.','Гороцвет','RAZ17'),(17077,'с.','Горочевци','PER51'),(17083,'с.','Горска','VTR13'),(17097,'с.','Горска поляна','JAM03'),(17107,'с.','Горски горен Тръмбеш','VTR06'),(17124,'с.','Горски долен Тръмбеш','VTR06'),(17138,'с.','Горски извор','KRZ14'),(17141,'с.','Горски извор','HKV09'),(17155,'с.','Горски Сеновец','VTR31'),(17169,'с.','Горско','HKV11'),(17172,'с.','Горско Абланово','TGV23'),(17186,'с.','Горско Дюлево','KRZ21'),(17192,'с.','Горско Калугерово','VTR32'),(17208,'с.','Горско Косово','VTR32'),(17213,'с.','Горско ново село','VTR14'),(17227,'с.','Горско Писарево','VTR14'),(17230,'с.','Горско село','TGV22'),(17244,'с.','Горско Сливово','LOV17'),(17258,'с.','Горталово','PVN24'),(17275,'с.','Горун','DOB29'),(17289,'с.','Горунака','SFO18'),(17302,'с.','Горчево','BLG33'),(17316,'с.','Горяни','GAB35'),(17323,'с.','Господиново','VAR05'),(17333,'с.','Господиново','SLS15'),(17347,'с.','Господинци','BLG11'),(17350,'с.','Гостилица','GAB12'),(17364,'с.','Гостиля','PVN10'),(17378,'с.','Гостиня','LOV18'),(17381,'с.','Гостун','BLG01'),(17395,'гр.','Гоце Делчев','BLG11'),(17405,'с.','Градево','BLG44'),(17419,'с.','Градежница','LOV33'),(17422,'с.','Градец','VID09'),(17436,'с.','Градец','SLV11'),(17449,'с.','Градец','SFO26'),(17453,'с.','Градешница','VRC21'),(17467,'с.','Стефан Стамболово','VTR26'),(17470,'с.','Градина','PVN11'),(17484,'с.','Градина','PDV23'),(17498,'с.','Градина','RAZ17'),(17508,'с.','Градинарово','VAR24'),(17511,'с.','Градини','DOB12'),(17542,'с.','Градище','GAB29'),(17556,'с.','Градище','PVN16'),(17573,'с.','Градище','SHU30'),(17587,'с.','Градница','GAB29'),(17590,'с.','Градница','DOB27'),(17600,'с.','Градско','SLV20'),(17614,'с.','Градсковски колиби','VID03'),(17631,'с.','Градът','SML31'),(17645,'гр.','Грамада','VID15'),(17659,'с.','Грамаде','KNL48'),(17676,'с.','Грамаде','SML27'),(17680,'с.','Грамаждано','KNL29'),(17693,'с.','Граматиково','BGS12'),(17703,'с.','Граматици','VTR13'),(17717,'с.','Гранит','SZR04'),(17720,'с.','Гранитец','BGS06'),(17734,'с.','Гранитово','VID01'),(17748,'с.','Гранитово','JAM07'),(17751,'с.','Граница','KNL29'),(17765,'с.','Граничак','VID01'),(17779,'с.','Граничар','BGS06'),(17782,'с.','Граничар','DOB29'),(17796,'с.','Режанци','PER08'),(17806,'с.','Граф Игнатиево','PDV17'),(17823,'с.','Грашево','PAZ08'),(17837,'с.','Гращица','SML31'),(17840,'с.','Греевци','TGV02'),(17854,'с.','Гривица','PVN24'),(17868,'с.','Гривка','KRZ15'),(17871,'с.','Гривяк','KRZ14'),(17885,'с.','Григорево','SFO17'),(17909,'с.','Грозден','BGS23'),(17912,'с.','Гроздьово','VAR13'),(17943,'с.','Громшин','MON04'),(17957,'с.','Грохотно','SML09'),(17960,'с.','Боздуганово','SZR27'),(17974,'гр.','Средец','BGS06'),(17988,'с.','Груево','KRZ21'),(17991,'с.','Гръблевци','GAB05'),(18006,'с.','Грълска падина','SFO16'),(18018,'с.','Грънчарово','SLS10'),(18037,'с.','Губеш','SFO09'),(18040,'с.','Губислав','SFO43'),(18054,'с.','Гугутка','HKV11'),(18068,'с.','Гудевица','SML31'),(18071,'с.','Гулийка','KRZ15'),(18085,'с.','Гулия','KRZ15'),(18099,'гр.','Гулянци','PVN08'),(18109,'с.','Гумощник','LOV34'),(18112,'с.','Гурбановци','KNL29'),(18126,'с.','Гургулица','KRZ21'),(18133,'с.','Гургулят','SFO45'),(18143,'с.','Гурково','SFO07'),(18157,'гр.','Гурково','SZR37'),(18160,'с.','Гурково','DOB03'),(18174,'с.','Гурмазово','SFO06'),(18188,'с.','Гусла','SHU18'),(18191,'с.','Гуслар','DOB27'),(18201,'с.','Гуцал','SFO39'),(18215,'с.','Гъбене','GAB05'),(18229,'с.','Гълъбец','BGS17'),(18232,'с.','Гълъбец','HKV34'),(18259,'с.','Гълъбинци','JAM25'),(18263,'с.','Гълъбник','PER36'),(18277,'с.','Гълъбово','PDV42'),(18280,'гр.','Гълъбово','SZR07'),(18294,'с.','Гълъбовци','SFO45'),(18304,'с.','Гъмзово','VID06'),(18318,'с.','Гърбино','KNL29'),(18321,'с.','Гърбище','KRZ02'),(18335,'с.','Гърдевци','VTR13'),(18349,'с.','Гърло','PER08'),(18352,'с.','Гърляно','KNL29'),(18366,'с.','Гърмен','BLG13'),(18374,'с.','Гърнати','SML18'),(18397,'с.','Гърня','GAB12'),(18407,'с.','Гърчиново','TGV23'),(18410,'с.','Гъсково','KRZ16'),(18424,'с.','Гьоврен','SML09'),(18455,'с.','Гюешево','KNL29'),(18469,'с.','Гюльовца','BGS15'),(18486,'с.','Гюргич','VID33'),(18490,'с.','Елин Пелин','SFO17'),(18505,'с.','Гложене','VRC20'),(18513,'с.','Горна Биркова','PAZ08'),(18527,'с.','Горна Дъбева','PAZ08'),(18544,'с.','Главник','KRZ02'),(18558,'с.','Горно Кирково','KRZ14'),(18561,'с.','Горна Василица','SFO25'),(18575,'с.','Горица','DOB12'),(18589,'с.','Гецово','RAZ26'),(20027,'с.','Давери','VTR13'),(20033,'с.','Давидково','SML02'),(20047,'с.','Давидово','SLS15'),(20050,'с.','Давидово','TGV35'),(20064,'с.','Дагоново','BLG02'),(20078,'с.','Даевци','GAB35'),(20081,'с.','Дайновци','VTR13'),(20105,'с.','Дамяница','BLG40'),(20119,'с.','Дамяново','GAB29'),(20153,'с.','Даскал-Атанасово','SZR27'),(20167,'с.','Даскалово','KRZ35'),(20184,'гр.','Две могили','RSE08'),(20198,'с.','Две тополи','SML02'),(20208,'с.','Дворище','KNL29'),(20211,'с.','Дворище','SZR37'),(20225,'с.','Дебел дял','GAB05'),(20242,'гр.','Дебелец','VTR04'),(20256,'с.','Дебели лаг','PER36'),(20268,'с.','Дебели рът','VTR13'),(20273,'с.','Дебелт','BGS06'),(20287,'с.','Дебелцово','GAB29'),(20290,'с.','Дебеляново','SML02'),(20300,'с.','Дебнево','LOV34'),(20314,'с.','Дебово','PVN21'),(20328,'с.','Дебочица','BLG03'),(20331,'с.','Дебрен','BLG13'),(20345,'с.','Дебрене','BLG40'),(20359,'с.','Дебрене','DOB15'),(20362,'с.','Дебръщица','PAZ19'),(20376,'с.','Девене','VRC10'),(20383,'с.','Девенци','PVN37'),(20393,'с.','Девесилица','KRZ15'),(20403,'с.','Девесилово','KRZ15'),(20417,'с.','Деветак','BGS09'),(20420,'с.','Деветаки','LOV18'),(20434,'с.','Деветаците','VTR04'),(20448,'с.','Деветинци','BGS09'),(20465,'гр.','Девин','SML09'),(20479,'с.','Девино','TGV02'),(20482,'гр.','Девня','VAR14'),(20496,'с.','Дедец','KRZ14'),(20506,'с.','Дедина','VTR14'),(20514,'с.','Дединци','VTR14'),(20523,'с.','Дедово','PDV26'),(20537,'с.','Деков','PVN03'),(20540,'с.','Делвино','BLG03'),(20554,'с.','Делвино','KRZ14'),(20568,'с.','Делейна','VID06'),(20571,'с.','Делова махала','VTR14'),(20585,'с.','Делчево','BLG11'),(20599,'с.','Дебелец','VAR16'),(20609,'с.','Делчево','RAZ14'),(20612,'с.','Делян','KNL48'),(20626,'с.','Делян','SFO06'),(20630,'с.','Деляновци','VTR28'),(20643,'с.','Денница','SHU07'),(20657,'с.','Денница','JAM03'),(20660,'с.','Денчевци','GAB12'),(20674,'с.','Дервишка могила','HKV28'),(20688,'с.','Дерманци','LOV19'),(20701,'с.','Детелина','VAR13'),(20715,'с.','Дечковци','VTR04'),(20729,'с.','Джамузовци','SFO20'),(20732,'с.','Джанка','KRZ15'),(20746,'гр.','Джебел','KRZ08'),(20755,'с.','Джелепско','KRZ21'),(20763,'с.','Джерман','KNL48'),(20777,'с.','Джерово','KRZ14'),(20780,'с.','Джигурово','BLG40'),(20804,'с.','Джинот','JAM22'),(20818,'с.','Джинчовци','PER51'),(20835,'с.','Джулюница','VTR20'),(20849,'с.','Джулюница','RSE37'),(20852,'с.','Джумриите','GAB05'),(20883,'с.','Джурково','PDV15'),(20897,'с.','Джурово','SFO34'),(20907,'с.','Джуровци','GAB12'),(20910,'с.','Зорница','BLG40'),(20938,'с.','Дибич','SHU30'),(20941,'с.','Дива Слатина','MON14'),(20969,'с.','Дивеци','GAB05'),(20972,'с.','Дивля','PER19'),(20986,'с.','Дивотино','PER32'),(20996,'с.','Дивчовото','LOV33'),(21004,'с.','Диманово','SML18'),(21035,'с.','Димиевци','GAB35'),(21049,'с.','Димитриево','SZR36'),(21052,'гр.','Димитровград','HKV09'),(21066,'с.','Димитровци','VTR04'),(21078,'с.','Димитровче','HKV28'),(21083,'с.','Победа','DOB15'),(21097,'гр.','Димово','VID16'),(21107,'с.','Димово','SML31'),(21110,'с.','Димовци','VTR04'),(21124,'с.','Димовци','SZR37'),(21138,'с.','Димча','VTR22'),(21141,'с.','Димчево','BGS04'),(21155,'с.','Динево','HKV34'),(21169,'с.','Динк','PDV17'),(21172,'с.','Динката','PAZ14'),(21186,'с.','Динковица','VID09'),(21193,'с.','Динково','VID33'),(21209,'с.','Диня','SZR27'),(21213,'с.','Дирало','SML16'),(21227,'с.','Дисманица','GAB29'),(21230,'с.','Дичево','SLS07'),(21244,'с.','Дичин','VTR04'),(21258,'с.','Длъгнево','HKV09'),(21261,'с.','Длъгня','GAB12'),(21275,'с.','Длъжка поляна','TGV02'),(21289,'с.','Длъжко','SHU11'),(21292,'с.','Длъхчево-Сабляр','KNL31'),(21302,'с.','Доборско','KRZ15'),(21316,'с.','Добравица','SFO43'),(21324,'с.','Добралък','PDV42'),(21333,'с.','Добра поляна','BGS18'),(21347,'с.','Добрева череша','SML27'),(21350,'с.','Добрево','DOB15'),(21364,'с.','Добревци','VTR13'),(21378,'с.','Добревци','GAB35'),(21381,'с.','Добревци','LOV38'),(21395,'с.','Добрените','GAB12'),(21405,'с.','Добри Войниково','SHU11'),(21419,'с.','Добри дол','VAR01'),(21422,'с.','Добри дол','KNL50'),(21436,'с.','Добри дол','MON24'),(21440,'с.','Добри дол','PDV23'),(21453,'с.','Добри дял','VTR20'),(21467,'с.','Добри лаки','BLG49'),(21470,'с.','Добрин','DOB20'),(21484,'с.','Добрина','VAR24'),(21498,'гр.','Добринище','BLG01'),(21508,'с.','Добриново','BGS09'),(21511,'с.','Добриново','KRZ16'),(21525,'с.','Добринци','KRZ08'),(21539,'с.','Добрич','HKV09'),(21542,'с.','Добрич','JAM07'),(21556,'с.','Добровница','PAZ19'),(21565,'с.','Доброво','KNL05'),(21587,'с.','Доброглед','VAR02'),(21590,'с.','Добродан','LOV34'),(21600,'с.','Добролево','VRC05'),(21614,'с.','Добромир','BGS18'),(21628,'с.','Добромирка','GAB29'),(21631,'с.','Добромирци','KRZ14'),(21645,'с.','Доброплодно','VAR08'),(21659,'с.','Доброселец','HKV32'),(21662,'с.','Доброславци','SOF46'),(21676,'с.','Добростан','PDV01'),(21680,'с.','Добротино','BLG11'),(21693,'с.','Добротица','SLS32'),(21703,'с.','Добротица','TGV02'),(21717,'с.','Добротич','VAR09'),(21720,'с.','Добруджанка','SLS15'),(21734,'с.','Добруша','VRC21'),(21748,'с.','Добърско','BLG37'),(21751,'с.','Добърчин','SFO43'),(21779,'с.','Доганово','SFO17'),(21782,'с.','Дождевица','KNL29'),(21796,'с.','Дойновци','VTR04'),(21806,'с.','Дойранци','KRZ02'),(21811,'с.','Дойранци','SHU18'),(21823,'с.','Дойренци','LOV18'),(21837,'с.','Докатичево','BLG44'),(21840,'с.','Доктор Йосифово','MON29'),(21854,'с.','Докьовци','PER51'),(21868,'с.','Долен','BLG42'),(21871,'с.','Долен','SML11'),(21885,'с.','Долене','BLG33'),(21899,'с.','Долен Еневец','VTR04'),(21909,'с.','Долени','BLG40'),(21912,'гр.','Долни чифлик','VAR13'),(21926,'с.','Долец','SLS10'),(21937,'с.','Долец','TGV24'),(21943,'с.','Долие','SML16'),(21957,'с.','Долина','DOB15'),(21960,'с.','Долина','SHU18'),(21974,'с.','Долистово','KNL04'),(21988,'с.','Долище','VAR02'),(21991,'с.','Долище','KRZ16'),(22006,'гр.','Долна баня','SFO59'),(22019,'с.','Долна Бела речка','MON12'),(22023,'с.','Долна Бешовица','VRC32'),(22040,'с.','Долна Вереница','MON29'),(22054,'с.','Долна Врабча','PER19'),(22068,'с.','Долна Градешница','BLG28'),(22071,'с.','Долна Гращица','KNL29'),(22085,'с.','Долна Диканя','PER36'),(22099,'с.','Долна Златица','TGV02'),(22109,'с.','Долна Кабда','TGV24'),(22112,'с.','Долна Козница','KNL31'),(22126,'с.','Долна Кремена','VRC27'),(22134,'с.','Долна крепост','KRZ16'),(22143,'с.','Долна Крушица','BLG33'),(22157,'с.','Долна кула','KRZ15'),(22160,'с.','Долна Липница','VTR22'),(22174,'с.','Долна Малина','SFO10'),(22191,'с.','Долна махала','PDV12'),(22201,'с.','Долна Мелна','PER51'),(22215,'гр.','Долна Митрополия','PVN10'),(22229,'с.','Долна Невля','SFO16'),(22232,'гр.','Долна Оряховица','VTR06'),(22246,'с.','Долна Рибница','BLG33'),(22250,'с.','Долна Рикса','MON29'),(22263,'с.','Долна Секирна','PER08'),(22277,'с.','Долна Студена','RSE37'),(22280,'с.','Долна Хубавка','TGV22'),(22304,'с.','Долни Богров','SOF46'),(22318,'с.','Долни Бошняк','VID09'),(22321,'с.','Долни Вадин','VRC31'),(22335,'с.','Долни Вит','PVN08'),(22352,'с.','Долни Върпища','GAB12'),(22375,'с.','Долни Главанак','HKV18'),(22383,'с.','Долни Дамяновци','VTR04'),(22397,'с.','Долни Драгойча','GAB12'),(22407,'гр.','Долни Дъбник','PVN11'),(22410,'с.','Долни Коритен','KNL50'),(22424,'с.','Долни Лом','VID37'),(22438,'с.','Долни Луковит','PVN23'),(22441,'с.','Долни Маренци','GAB35'),(22455,'с.','Долни Марян','VTR13'),(22469,'с.','Долни Окол','SFO39'),(22472,'с.','Долни Пасарел','SOF46'),(22486,'с.','Долни Радковци','GAB35'),(22490,'с.','Долни Раковец','PER36'),(22506,'с.','Долни Романци','PER08'),(22513,'с.','Долни Танчевци','VTR13'),(22527,'с.','Долни Томчевци','GAB35'),(22530,'с.','Долни Цибър','MON11'),(22544,'с.','Долни Юруци','KRZ15'),(22558,'с.','Долно Абланово','RSE27'),(22561,'с.','Долно Белево','HKV09'),(22575,'с.','Долно Ботево','HKV30'),(22589,'с.','Долно Войводино','HKV34'),(22592,'с.','Долно вършило','PAZ29'),(22602,'с.','Долно Драглище','BLG37'),(22616,'с.','Долно Дряново','BLG13'),(22633,'с.','Долно изворово','SZR12'),(22647,'с.','Долно Камарци','SFO10'),(22650,'с.','Долно Кобиле','KNL50'),(22664,'с.','Долно Козарево','TGV22'),(22678,'с.','Долно Къпиново','KRZ14'),(22681,'с.','Левски','PAZ20'),(22695,'с.','Долно Линево','MON24'),(22705,'с.','Долно Луково','HKV11'),(22719,'с.','Долно Новково','TGV22'),(22722,'с.','Долно ново село','SFO16'),(22736,'с.','Долно ново село','SZR04'),(22747,'с.','Долно Озирово','MON12'),(22753,'с.','Долно Осеново','BLG44'),(22767,'с.','Паничерево','SZR37'),(22770,'с.','Долно поле','HKV30'),(22784,'с.','Долно Прахово','KRZ02'),(22798,'с.','Долно Ряхово','SLS07'),(22808,'с.','Долно Сахране','SZR24'),(22811,'с.','Долно село','KNL29'),(22825,'с.','Долноселци','HKV11'),(22839,'с.','Долнослав','PDV01'),(22842,'с.','Долно Спанчево','BLG33'),(22856,'с.','Долно Съдиево','HKV18'),(22862,'с.','Долно Уйно','KNL29'),(22873,'с.','Долно Церовене','MON38'),(22887,'с.','Долно Черковище','HKV30'),(22890,'с.','Долно Шивачево','VTR14'),(22914,'с.','Долно Ябълково','BGS06'),(22928,'с.','Домище','KRZ14'),(22931,'с.','Домлян','PDV13'),(22945,'с.','Дондуково','MON07'),(22959,'с.','Донино','GAB05'),(22962,'с.','Донкино','GAB35'),(22976,'с.','Донковци','VTR13'),(22988,'с.','Дончево','DOB15'),(22993,'с.','Дончовци','GAB35'),(23008,'с.','Дорково','PAZ24'),(23011,'с.','Доситеево','HKV33'),(23025,'гр.','Доспат','SML10'),(23039,'с.','Доспей','SFO39'),(23042,'с.','Доча','GAB12'),(23056,'с.','Драбишна','HKV11'),(23060,'с.','Драгана','LOV36'),(23073,'с.','Драганица','MON12'),(23087,'с.','Драгановец','TGV35'),(23090,'с.','Драганово','BGS04'),(23100,'с.','Драганово','VTR06'),(23114,'с.','Драганово','KRZ35'),(23128,'с.','Драганово','DOB15'),(23131,'с.','Драгановци','VTR13'),(23159,'с.','Драгановци','GAB05'),(23162,'с.','Драганосковци','VTR13'),(23176,'с.','Драганци','BGS09'),(23185,'с.','Драганчетата','GAB05'),(23193,'с.','Драгаш войвода','PVN21'),(23203,'с.','Драгиевци','GAB05'),(23217,'с.','Драгижево','VTR20'),(23220,'с.','Драгийци','VTR13'),(23234,'с.','Драгиново','PAZ08'),(23251,'с.','Драгичево','PER32'),(23265,'с.','Драгневци','VTR13'),(23279,'с.','Драгневци','GAB35'),(23282,'с.','Драговищица','KNL29'),(23296,'с.','Драговищица','SFO26'),(23306,'с.','Драгово','BGS09'),(23323,'с.','Драгодан','KNL27'),(23337,'с.','Драгоданово','SLV20'),(23340,'с.','Драгоево','SHU23'),(23354,'с.','Драгоил','SFO16'),(23385,'с.','Драгойново','PDV23'),(23399,'с.','Драгойчинци','KNL50'),(23409,'гр.','Драгоман','SFO16'),(23412,'с.','Драгомани','GAB05'),(23426,'с.','Драгомир','PDV33'),(23431,'с.','Драгомирово','VTR28'),(23443,'с.','Драгомирово','PER36'),(23457,'с.','Драгор','PAZ19'),(23474,'с.','Драготинци','SFO45'),(23488,'с.','Драгуш','BLG33'),(23491,'с.','Драгушиново','SFO39'),(23501,'с.','Дражево','JAM25'),(23515,'с.','Дражинци','VID33'),(23529,'с.','Драка','BGS06'),(23532,'с.','Драката','BLG49'),(23546,'с.','Дралфа','TGV35'),(23557,'с.','Драма','JAM25'),(23563,'с.','Дрангово','BLG33'),(23577,'с.','Дрангово','KRZ14'),(23580,'с.','Дрангово','PDV07'),(23594,'с.','Драндарите','GAB35'),(23604,'с.','Драчево','BGS06'),(23618,'с.','Драшан','VRC08'),(23621,'с.','Драшкова поляна','LOV02'),(23635,'с.','Дреатин','SFO16'),(23649,'с.','Дрен','PER36'),(23652,'с.','Дренково','BLG03'),(23666,'с.','Дренов','LOV18'),(23672,'с.','Дреновец','VID33'),(23683,'с.','Дреновица','BLG33'),(23697,'с.','Дреново','BLG33'),(23707,'с.','Дреново','SFO26'),(23710,'с.','Дрента','VTR13'),(23724,'с.','Дренци','SHU07'),(23738,'с.','Дриново','TGV24'),(23741,'с.','Дрипчево','HKV33'),(23755,'с.','Дропла','BGS18'),(23769,'с.','Дропла','DOB03'),(23786,'с.','Дружба','VID09'),(23798,'с.','Дружево','SFO43'),(23803,'с.','Дружинци','KRZ14'),(23813,'с.','Друмево','SHU30'),(23827,'с.','Друмохар','KNL31'),(23830,'с.','Друмче','KRZ21'),(23844,'с.','Дръмша','SFO26'),(23858,'с.','Дръндар','VAR26'),(23875,'с.','Дрянка','SML02'),(23889,'с.','Дрянковец','BGS01'),(23892,'с.','Дрянова глава','KRZ14'),(23902,'с.','Дряновец','RAZ26'),(23916,'с.','Дряновец','RSE04'),(23929,'с.','Дряновец','SML38'),(23933,'с.','Дряновец','DOB15'),(23947,'гр.','Дряново','GAB12'),(23950,'с.','Дряново','PDV15'),(23964,'с.','Дряново','HKV29'),(23978,'с.','Дряново','JAM25'),(24000,'с.','Дуванлии','PDV12'),(24013,'с.','Капитан Петко войвод','HKV32'),(24027,'с.','Дуковци','VTR13'),(24030,'гр.','Дулово','SLS10'),(24044,'с.','Дунавец','SLS34'),(24058,'с.','Дунавци','VTR04'),(24061,'гр.','Дунавци','VID09'),(24075,'с.','Дунавци','SZR12'),(24089,'с.','Дунево','SML31'),(24092,'с.','Бели Лом','RAZ17'),(24102,'с.','Дуранкулак','DOB29'),(24116,'с.','Лудогорци','RAZ14'),(24126,'с.','Дуровци','VTR14'),(24133,'с.','Дурча','GAB12'),(24150,'с.','Духовец','RAZ14'),(24164,'с.','Душанци','SFO55'),(24178,'с.','Душево','GAB29'),(24181,'с.','Душевски колиби','GAB29'),(24195,'с.','Душинково','KRZ08'),(24205,'с.','Душинци','PER08'),(24219,'с.','Душка','KRZ35'),(24236,'с.','Дъбен','LOV19'),(24241,'с.','Дъбене','PDV13'),(24253,'с.','Дъбник','BGS17'),(24267,'с.','Дъбница','BLG13'),(24270,'с.','Дъбова','SLV11'),(24284,'с.','Дъбова','SML27'),(24298,'с.','Дъбова махала','MON07'),(24308,'с.','Дъбован','PVN08'),(24311,'с.','Дъбовец','HKV17'),(24325,'с.','Долна Дъбева','PAZ08'),(24339,'с.','Дъбовик','DOB12'),(24342,'с.','Дъбово','SZR22'),(24356,'с.','Дъбово','JAM03'),(24367,'с.','Дъбрава','BLG03'),(24373,'с.','Дъбрава','LOV18'),(24387,'с.','Дъбрава','DOB03'),(24390,'с.','Дъбравата','LOV38'),(24400,'с.','Дъбравино','VAR01'),(24414,'с.','Дъбравите','PAZ04'),(24428,'с.','Дъбравица','TGV02'),(24431,'с.','Дъбравка','VID01'),(24445,'с.','Дъждино','KRZ16'),(24459,'с.','Дъждовник','KRZ15'),(24462,'с.','Дъждовница','KRZ16'),(24476,'с.','Дълбок дол','LOV34'),(24482,'с.','Дълбоки','SZR31'),(24493,'с.','Дълбок извор','PDV23'),(24517,'с.','Дълга лука','PER51'),(24520,'с.','Дългач','TGV35'),(24534,'с.','Дълги дел','MON14'),(24548,'с.','Дълги припек','VTR14'),(24551,'с.','Дългоделци','MON38'),(24565,'гр.','Дългопол','VAR16'),(24579,'с.','Дълго поле','VID16'),(24582,'с.','Дълго поле','PDV12'),(24596,'с.','Дънгово','KRZ16'),(24606,'с.','Дървари','GAB35'),(24623,'с.','Държава','SZR36'),(24637,'с.','Държавен','SZR22'),(24640,'с.','Държаница','VID16'),(24654,'с.','Дърлевци','VTR13'),(24668,'с.','Дърманци','VRC27'),(24671,'с.','Дъскарите','GAB35'),(24685,'с.','Дъскот','VTR22'),(24699,'с.','Дъскотна','BGS18'),(24712,'с.','Дюлево','BGS06'),(24726,'с.','Дюлево','PAZ32'),(24739,'с.','Дюлино','VAR05'),(24743,'с.','Дюлица','KRZ14'),(24757,'с.','Дюля','BGS18'),(24760,'с.','Дядово','SLV16'),(24774,'с.','Дядовско','KRZ35'),(24788,'с.','Дядовци','KRZ02'),(24791,'с.','Дяково','KNL48'),(24829,'с.','Дянково','RAZ26'),(24832,'с.','Друган','PER36'),(24854,'с.','Думници','GAB05'),(24880,'с.','Дедино','KRZ02'),(24894,'с.','Долна Василица','SFO25'),(24921,'с.','Драгомъж','RAZ14'),(24935,'с.','Дисевица','PVN24'),(24949,'с.','Долно Големанци','HKV34'),(24952,'с.','Дуня','SML18'),(24966,'с.','Девинци','KRZ21'),(27019,'с.','Евлогиево','PVN21'),(27022,'с.','Евренозово','BGS12'),(27036,'с.','Егрек','KRZ15'),(27043,'с.','Егълница','PER22'),(27067,'с.','Единаковци','SHU11'),(27070,'с.','Едрево','SZR38'),(27084,'с.','Ездимирци','PER51'),(27108,'с.','Езерец','DOB29'),(27111,'с.','Езеро','SLV16'),(27125,'с.','Езерово','VAR04'),(27139,'с.','Езерово','PDV23'),(27156,'с.','Езерче','RAZ36'),(27169,'с.','Екзарх Антимово','BGS09'),(27173,'с.','Екзарх Йосиф','RSE03'),(27190,'гр.','Елена','VTR13'),(27200,'с.','Елена','HKV34'),(27214,'с.','Еленино','SZR31'),(27228,'с.','Еленов дол','SFO43'),(27231,'с.','Еленово','BLG03'),(27245,'с.','Еленово','SLV16'),(27259,'с.','Еленово','TGV24'),(27262,'с.','Еленска','SML31'),(27276,'с.','Еленците','GAB12'),(27293,'с.','Елешница','BLG37'),(27303,'гр.','Елин Пелин','SFO17'),(27317,'с.','Елисейна','VRC27'),(27320,'с.','Еловдол','PER19'),(27334,'с.','Елов дол','SFO07'),(27348,'с.','Еловица','MON14'),(27351,'с.','Еловица','PER51'),(27365,'с.','Елховец','SML27'),(27379,'с.','Елхово','SZR31'),(27382,'гр.','Елхово','JAM07'),(27406,'с.','Елшица','PAZ20'),(27415,'с.','Ельово','SML31'),(27423,'с.','Емен','VTR04'),(27440,'с.','Белодол','BGS17'),(27454,'с.','Емона','BGS15'),(27468,'с.','Енево','DOB15'),(27471,'с.','Енево','SHU22'),(27485,'с.','Енев рът','GAB29'),(27499,'с.','Енина','SZR12'),(27509,'с.','Еница','PVN39'),(27512,'с.','Енчец','KRZ16'),(27526,'с.','Енчовци','GAB35'),(27543,'с.','Еньовче','KRZ02'),(27557,'с.','Ерден','MON04'),(27574,'с.','Еремия','KNL31'),(27588,'с.','Ерма река','SML11'),(27591,'с.','Еровете','KRZ14'),(27601,'с.','Ерул','PER51'),(27615,'с.','Есен','BGS23'),(27629,'с.','Есеница','VAR09'),(27632,'гр.','Етрополе','SFO18'),(27656,'с.','Ефрейтор Бакалово','DOB20'),(27663,'с.','Ефрем','HKV18'),(27677,'с.','Езерото','GAB05'),(27680,'с.','Едрино','KRZ15'),(29012,'с.','Жабляно','PER19'),(29026,'с.','Жабокрът','KNL29'),(29035,'с.','Жегларци','DOB27'),(29043,'с.','Жеглица','VID09'),(29060,'с.','Жедна','PER36'),(29074,'с.','Железари','HKV11'),(29091,'с.','Железарци','VTR31'),(29101,'с.','Железино','HKV11'),(29115,'с.','Железна','MON36'),(29129,'с.','Железник','BGS09'),(29132,'с.','Железник','KRZ35'),(29146,'с.','Железница','BLG44'),(29150,'с.','Железница','SOF46'),(29163,'с.','Желен','SFO43'),(29177,'с.','Желъд','SHU25'),(29180,'с.','Желъдово','KRZ08'),(29194,'с.','Желю войвода','SLV20'),(29204,'с.','Желява','SOF46'),(29218,'с.','Желязковец','RAZ29'),(29221,'с.','Момина църква','BGS06'),(29235,'с.','Желязно','PDV17'),(29249,'с.','Желязово','BGS08'),(29252,'с.','Женда','KRZ35'),(29266,'с.','Жеравино','KNL29'),(29283,'с.','Жеравна','SLV11'),(29297,'с.','Жерговец','SZR37'),(29310,'с.','Жернов','PVN21'),(29324,'с.','Живко','GAB05'),(29338,'с.','Живково','SFO20'),(29341,'с.','Живково','SHU11'),(29372,'с.','Жижево','BLG42'),(29386,'с.','Жиленци','KNL29'),(29391,'с.','Жилино','SHU22'),(29407,'с.','Жинзифово','KRZ16'),(29413,'с.','Житарник','KRZ16'),(29430,'с.','Житен','SOF46'),(29444,'с.','Житен','DOB12'),(29458,'с.','Житница','VAR24'),(29461,'с.','Житница','KRZ35'),(29475,'с.','Житница','PDV12'),(29489,'с.','Житница','DOB15'),(29492,'с.','Житосвят','BGS09'),(29502,'с.','Жребево','SML09'),(29516,'с.','Жребино','JAM07'),(29522,'с.','Жребичко','PAZ06'),(29533,'с.','Жълт бряг','SLV24'),(29547,'с.','Жълтеш','GAB05'),(29550,'с.','Жълти бряг','HKV30'),(29564,'с.','Жълти рид','KRZ08'),(29581,'с.','Жълт камък','PDV01'),(29595,'с.','Жълтопоп','SZR37'),(29605,'с.','Жълтуша','KRZ02'),(29619,'с.','Жълтика','KRZ08'),(29622,'с.','Житуша','PER36'),(30017,'с.','Забел','PER51'),(30020,'с.','Заберново','BGS12'),(30034,'с.','Забърдо','SML38'),(30048,'с.','Завала','PER08'),(30051,'с.','Завет','BGS23'),(30065,'гр.','Завет','RAZ11'),(30079,'с.','Заветно','TGV24'),(30082,'с.','Завидовци','SFO43'),(30096,'с.','Завой','JAM25'),(30106,'с.','Завоя','KRZ14'),(30119,'с.','Загоре','SZR31'),(30137,'с.','Загориче','SHU18'),(30140,'с.','Загорски','KRZ14'),(30154,'с.','Загорско','KRZ21'),(30168,'с.','Загорци','BGS06'),(30171,'с.','Загорци','SLV16'),(30185,'с.','Загорци','DOB20'),(30199,'с.','Загражден','PVN08'),(30209,'с.','Загражден','SML02'),(30212,'с.','Задруга','RAZ16'),(30226,'с.','Заевите','SML31'),(30234,'с.','Заимчево','BGS18'),(30243,'с.','Зайчар','BGS18'),(30257,'с.','Зайчари','SLV20'),(30260,'с.','Зайчино','KRZ16'),(30274,'с.','Зайчино ореше','SHU22'),(30291,'с.','Замфир','MON24'),(30301,'с.','Замфирово','MON02'),(30329,'с.','Заноге','SFO43'),(30332,'с.','Зараево','TGV24'),(30346,'с.','Зарник','SLS15'),(30350,'с.','Заселе','SFO43'),(30363,'с.','Засмяно','VAR02'),(30377,'с.','Зафирово','SLS07'),(30380,'с.','Могилино','RSE08'),(30394,'с.','Захари Стояново','DOB29'),(30404,'с.','Захари Стояново','TGV24'),(30418,'с.','Зая','GAB12'),(30421,'с.','Звегор','SHU11'),(30435,'с.','Звезда','BGS18'),(30449,'с.','Звезда','TGV24'),(30452,'с.','Звездел','KRZ21'),(30466,'с.','Звезделина','KRZ16'),(30475,'с.','Звезден','KRZ16'),(30483,'с.','Звездец','BGS12'),(30497,'с.','Звездица','VAR06'),(30507,'с.','Звенимир','SLS07'),(30510,'с.','Зверино','VRC27'),(30524,'с.','Звиница','KRZ16'),(30538,'с.','Звънарка','KRZ15'),(30541,'с.','Звънарци','RAZ16'),(30555,'с.','Звънец','VAR09'),(30569,'с.','Звъника','KRZ16'),(30572,'с.','Звъничево','PAZ19'),(30586,'с.','Звънче','KRZ16'),(30590,'с.','Згалево','PVN27'),(30606,'с.','Згориград','VRC10'),(30613,'с.','Згурово','KNL31'),(30627,'с.','Здравец','VAR01'),(30630,'с.','Здравец','RAZ29'),(30644,'с.','Здравец','TGV35'),(30658,'с.','Здравец','HKV09'),(30661,'с.','Здравковец','GAB05'),(30675,'с.','Здравчец','KRZ14'),(30689,'с.','Зебил','SLS07'),(30692,'с.','Зелена морава','TGV22'),(30702,'с.','Зелендол','BLG03'),(30716,'с.','Зелениград','PER51'),(30721,'с.','Зеленик','VTR13'),(30733,'с.','Зеленика','GAB35'),(30747,'с.','Зелениково','KRZ16'),(30750,'с.','Зелениково','PDV07'),(30764,'с.','Зелено дърво','GAB05'),(30778,'гр.','Земен','PER19'),(30781,'с.','Земенци','DOB20'),(30795,'с.','Землен','SZR27'),(30805,'с.','Зетьово','BGS01'),(30819,'с.','Зетьово','SZR36'),(30822,'с.','Зидарово','BGS21'),(30836,'с.','Зидарци','PER32'),(30847,'с.','Зимевица','SFO43'),(30853,'с.','Зимен','BGS09'),(30867,'с.','Зимзелен','KRZ16'),(30870,'с.','Зимница','SZR22'),(30884,'с.','Зимница','DOB20'),(30898,'с.','Зимница','JAM22'),(30908,'с.','Зимовина','HKV30'),(30911,'с.','Зиморница','KRZ15'),(30942,'с.','Златар','SHU23'),(30956,'с.','Златари','JAM25'),(30962,'гр.','Златарица','VTR14'),(30973,'с.','Златевци','GAB05'),(30990,'с.','Злати войвода','SLV20'),(31005,'с.','Златина','VAR24'),(31019,'с.','Златиница','JAM03'),(31022,'с.','Златирът','SZR37'),(31036,'с.','Златитрап','PDV26'),(31044,'гр.','Златица','SFO47'),(31053,'с.','Златия','MON11'),(31067,'с.','Златия','DOB15'),(31070,'с.','Златна ливада','SZR36'),(31084,'с.','Златна нива','SHU19'),(31098,'с.','Златна Панега','LOV38'),(31108,'с.','Златовръх','PDV01'),(31111,'гр.','Златоград','SML11'),(31125,'с.','Златоклас','SLS10'),(31139,'с.','Златолист','BLG40'),(31142,'с.','Златолист','KRZ15'),(31156,'с.','Златополе','HKV09'),(31160,'с.','Златосел','PDV07'),(31173,'с.','Златоустово','HKV18'),(31187,'с.','Златуша','SFO06'),(31190,'с.','Злидол','VRC27'),(31200,'с.','Злогош','KNL50'),(31214,'с.','Злокучене','PAZ29'),(31228,'с.','Злокучене','SFO39'),(31245,'с.','Змеево','DOB03'),(31259,'с.','Змеица','SML10'),(31262,'с.','Змейно','TGV22'),(31276,'с.','Змейово','SZR31'),(31285,'с.','Змиево','SML31'),(31293,'с.','Знаменосец','SZR27'),(31303,'с.','Зограф','DOB12'),(31317,'с.','Зойчене','BLG33'),(31334,'с.','Зорница','VAR02'),(31348,'с.','Зорница','KRZ16'),(31351,'с.','Зорница','SML38'),(31365,'с.','Зорница','HKV34'),(31379,'с.','Зорница','BGS06'),(31396,'с.','Зърнево','DOB27'),(31406,'с.','Зарица','SLS07'),(31416,'с.','Звездица','TGV22'),(31423,'с.','Здравец','PDV15'),(31841,'с.','Чучур','SML31'),(32010,'с.','Ивайло','PAZ19'),(32024,'гр.','Ивайловград','HKV11'),(32038,'с.','Иван Вазово','PDV12'),(32041,'с.','Иван Димов','GAB35'),(32055,'с.','Иванивановци','VTR13'),(32069,'с.','Иванили','GAB05'),(32072,'с.','Иванковци','GAB05'),(32086,'с.','Иваново','BLG33'),(32095,'с.','Иваново','RSE13'),(32100,'с.','Иваново','HKV33'),(32113,'с.','Иваново','SHU10'),(32127,'с.','Ивановци','VTR04'),(32130,'с.','Ивановци','VID09'),(32144,'с.','Ивановци','KNL29'),(32158,'с.','Ивански','SHU30'),(32161,'с.','Иванци','KRZ16'),(32175,'с.','Иванча','VTR26'),(32189,'с.','Иванча','TGV24'),(32192,'с.','Иван Шишманово','RAZ11'),(32216,'с.','Иваняне','SOF46'),(32226,'с.','Иганово','PDV13'),(32233,'с.','Иглика','GAB05'),(32250,'с.','Иглика','SHU11'),(32264,'с.','Иглика','JAM03'),(32278,'гр.','Игнатиево','VAR02'),(32281,'с.','Игнатица','VRC27'),(32295,'с.','Игнатово','MON11'),(32305,'с.','Игнатовци','VTR13'),(32319,'с.','Игнатовци','GAB12'),(32322,'с.','Игралище','BLG49'),(32336,'с.','Идилево','GAB29'),(32341,'с.','Избеглии','PDV01'),(32353,'с.','Избул','SHU22'),(32367,'с.','Извор','BGS04'),(32370,'с.','Извор','VID16'),(32384,'с.','Извор','PER36'),(32398,'с.','Нови извор','PDV01'),(32408,'с.','Извор','PDV26'),(32411,'с.','Извор','SFO45'),(32425,'с.','Изворище','BGS04'),(32439,'с.','Извор махала','VID22'),(32442,'с.','Изворник','VAR09'),(32456,'с.','Изворово','SZR36'),(32467,'с.','Изворово','DOB12'),(32473,'с.','Изворово','TGV02'),(32487,'с.','Изворово','HKV33'),(32490,'с.','Изворско','VAR02'),(32500,'с.','Изворче','LOV18'),(32514,'с.','Изгрев','BGS13'),(32528,'с.','Изгрев','VAR26'),(32531,'с.','Изгрев','PVN16'),(32545,'с.','Изгрев','SLV20'),(32559,'с.','Изгрев','SML18'),(32562,'с.','Изгрев','SHU07'),(32576,'с.','Изгрев','JAM07'),(32582,'с.','Източник','GAB05'),(32593,'с.','Илаков рът','VTR13'),(32603,'с.','Смолево','BLG53'),(32617,'с.','Илевци','VTR04'),(32620,'с.','Илийно','TGV22'),(32634,'с.','Илийско','KRZ08'),(32648,'с.','Илинден','BLG52'),(32651,'с.','Илинден','SFO56'),(32665,'с.','Илинденци','BLG49'),(32679,'с.','Илиница','KRZ16'),(32682,'с.','Илиювци','VTR13'),(32696,'с.','Илия','KNL31'),(32706,'с.','Илия Блъсково','SHU30'),(32723,'с.','Имренчево','SHU23'),(32737,'с.','Индже войвода','BGS21'),(32740,'с.','Генерал Инзово','JAM25'),(32754,'с.','Иново','VID09'),(32768,'с.','Иречек','DOB17'),(32771,'с.','Иречеково','JAM22'),(32785,'с.','Иринеци','GAB35'),(32799,'с.','Ирник','SLS32'),(32809,'с.','Искра','BGS09'),(32812,'с.','Искра','GAB12'),(32826,'с.','Искра','PDV23'),(32839,'с.','Искра','SLS32'),(32843,'с.','Искрец','SFO43'),(32857,'с.','Искрица','SZR07'),(32860,'с.','Искър','VAR09'),(32874,'гр.','Исперих','RAZ14'),(32888,'с.','Исперихово','PAZ06'),(32891,'с.','Исьовци','SML31'),(32901,'гр.','Ихтиман','SFO20'),(32915,'с.','Ичера','SLV20'),(32929,'с.','Иваново','SML27'),(32946,'с.','Искра','KRZ02'),(34014,'с.','Йерусалимово','HKV17'),(34028,'с.','Йоаким Груево','PDV41'),(34045,'с.','Йовково','DOB12'),(34062,'с.','Йововци','GAB35'),(34076,'с.','Йовчевци','VTR04'),(34093,'с.','Йоглав','LOV18'),(34103,'с.','Йонково','RAZ14'),(34117,'с.','Йончово','KRZ35'),(34120,'с.','Елешница','SFO17'),(34134,'с.','Йорданово','SLS31'),(35016,'с.','Светлен','KRZ14'),(35028,'с.','Кабиле','JAM25'),(35033,'гр.','Каблешково','BGS17'),(35047,'с.','Каблешково','KRZ35'),(35050,'с.','Каблешково','DOB27'),(35064,'гр.','Каварна','DOB17'),(35078,'с.','Кавлак','VTR31'),(35081,'с.','Кавракирово','BLG33'),(35095,'с.','Кадиево','PDV26'),(35105,'с.','Сушица','BLG44'),(35119,'с.','Кадровица','KNL31'),(35136,'с.','Невестино','KRZ16'),(35143,'с.','Казак','HKV11'),(35153,'с.','Казанка','SZR31'),(35167,'гр.','Казанлък','SZR12'),(35184,'с.','Казаците','KRZ08'),(35198,'с.','Казачево','LOV18'),(35208,'с.','Казашка река','VAR01'),(35211,'с.','Казашко','VAR06'),(35225,'с.','Казимир','SLS31'),(35239,'с.','Казичене','SOF46'),(35242,'с.','Кайнарджа','SLS15'),(35269,'с.','Калайджиево','KRZ15'),(35273,'с.','Калайджии','VTR14'),(35290,'с.','Калейца','LOV34'),(35300,'с.','Калековец','PDV17'),(35314,'с.','Кален','VRC27'),(35328,'с.','Каленик','VID09'),(35331,'с.','Каленик','LOV36'),(35345,'с.','Каленовци','SFO09'),(35362,'с.','Калиманци','BLG40'),(35376,'с.','Калиманци','VAR26'),(35384,'с.','Калина','VID06'),(35393,'с.','Калина','DOB12'),(35403,'с.','Калинка','KRZ16'),(35417,'с.','Калино','SHU11'),(35420,'с.','Калитиново','SZR31'),(35434,'с.','Калище','PER22'),(35448,'с.','Калнище','TGV02'),(35451,'с.','Калово','BGS12'),(35465,'с.','Каломен','GAB12'),(35479,'с.','Калотина','SFO16'),(35482,'с.','Калотинци','PER19'),(35496,'гр.','Калофер','PDV13'),(35506,'с.','Калоян','VAR09'),(35515,'с.','Калояновец','SZR31'),(35523,'с.','Калояново','PDV12'),(35537,'с.','Калояново','SLV20'),(35540,'с.','Калоянци','KRZ16'),(35554,'с.','Калугерене','SLS07'),(35571,'с.','Калугерово','PAZ14'),(35585,'с.','Калугерово','SFO34'),(35599,'с.','Калугерово','HKV29'),(35609,'с.','Калчево','JAM25'),(35626,'с.','Калчовци','GAB05'),(35630,'с.','Камбелевци','SFO16'),(35643,'с.','Камбурово','TGV22'),(35657,'с.','Камен','VTR31'),(35660,'с.','Камен','SLV20'),(35674,'с.','Камен','DOB15'),(35688,'с.','Камена','BLG33'),(35691,'с.','Каменар','BGS17'),(35701,'с.','Каменар','VAR06'),(35715,'с.','Каменар','RAZ17'),(35729,'с.','Каменари','VTR13'),(35732,'с.','Каменарци','KRZ16'),(35746,'с.','Камен бряг','DOB17'),(35756,'с.','Камен връх','JAM03'),(35777,'с.','Камен дял','VAR16'),(35780,'с.','Каменец','PVN27'),(35794,'с.','Каменец','JAM22'),(35804,'с.','Каменик','KNL05'),(35818,'с.','Каменица','BLG49'),(35821,'с.','Каменица','SFO56'),(35835,'с.','Каменичка Скакавица','KNL29'),(35849,'с.','Каменка','KRZ15'),(35866,'с.','Каменна река','HKV32'),(35871,'с.','Каменна Рикса','MON14'),(35883,'гр.','Камено','BGS08'),(35897,'с.','Каменово','RAZ16'),(35907,'с.','Каменово','SLV16'),(35910,'с.','Камено поле','VRC32'),(35938,'с.','Каменци','SLS15'),(35955,'с.','Каменяк','BGS18'),(35969,'с.','Каменяк','SHU11'),(35972,'с.','Каменяне','KRZ08'),(35986,'с.','Камещица','GAB05'),(35997,'с.','Камилски дол','HKV11'),(36004,'с.','Камчия','BGS23'),(36021,'с.','Кандилка','KRZ15'),(36035,'с.','Кандови','PAZ08'),(36049,'с.','Каниц','VID03'),(36052,'с.','Кантари','VTR13'),(36066,'с.','Каняк','KRZ35'),(36079,'гр.','Каолиново','SHU18'),(36083,'с.','Капатово','BLG33'),(36107,'с.','Къпиново','VTR04'),(36110,'с.','Капитан Андреево','HKV28'),(36124,'с.','Капитан Димитриево','PAZ21'),(36138,'с.','Капитан Димитрово','DOB20'),(36141,'с.','Капитановци','VID09'),(36155,'с.','Капитан Петко','SHU07'),(36169,'с.','Капище','TGV02'),(36172,'с.','Карабунар','PAZ29'),(36186,'с.','Каравелово','PDV13'),(36194,'с.','Каравелово','SHU21'),(36200,'с.','Каравелово','JAM25'),(36213,'с.','Каравельово','BGS18'),(36227,'с.','Карагеоргиево','BGS01'),(36230,'с.','Караджалово','PDV23'),(36244,'с.','Караджово','PDV28'),(36261,'с.','Караиванца','GAB12'),(36275,'с.','Караиванци','VTR13'),(36289,'с.','Караисен','VTR22'),(36292,'с.','Карали','GAB05'),(36302,'с.','Караманите','VAR09'),(36316,'с.','Караманово','RSE37'),(36325,'с.','Караманци','HKV19'),(36333,'с.','Кара Михал','RAZ29'),(36347,'с.','Карамичевци','GAB29'),(36350,'с.','Карамфил','KRZ21'),(36364,'с.','Каран Върбовка','RSE08'),(36378,'с.','Карандили','VTR13'),(36381,'с.','Караново','BGS01'),(36395,'с.','Караново','SLV16'),(36405,'с.','Каранци','VTR26'),(36419,'с.','Карапелит','DOB15'),(36422,'с.','Караполци','SFO17'),(36436,'с.','Караш','VRC32'),(36440,'с.','Карбинци','VID16'),(36453,'с.','Карвуна','DOB03'),(36467,'с.','Кардам','DOB12'),(36470,'с.','Кардам','TGV24'),(36484,'с.','Карлиево','SFO47'),(36498,'гр.','Карлово','PDV13'),(36508,'с.','Карловско','HKV11'),(36511,'с.','Карлуково','LOV19'),(36525,'гр.','Карнобат','BGS09'),(36556,'с.','Касапско','SML16'),(36566,'с.','Касилаг','PER36'),(36573,'с.','Каснаково','HKV09'),(36587,'гр.','Каспичан','SHU19'),(36590,'с.','Каспичан','SHU19'),(36600,'с.','Кастел','GAB29'),(36614,'с.','Катерица','PVN27'),(36628,'с.','Катранджии','GAB12'),(36631,'с.','Катраница','SML31'),(36659,'с.','Катрище','KNL29'),(36662,'с.','Катунец','LOV36'),(36676,'с.','Катуница','PDV28'),(36681,'с.','Катунище','SLV11'),(36693,'с.','Катунци','BLG40'),(36703,'с.','Кацелово','RSE08'),(36717,'с.','Качулка','KRZ15'),(36720,'с.','Кашенци','GAB35'),(36734,'с.','Кашина','BLG40'),(36748,'с.','Каялоба','KRZ14'),(36751,'с.','Керека','GAB12'),(36765,'с.','Керените','GAB35'),(36779,'гр.','Кермен','SLV20'),(36782,'с.','Кесарево','VTR31'),(36796,'с.','Кестен','SML09'),(36806,'с.','Кестеново','TGV22'),(36823,'с.','Киевци','GAB05'),(36837,'гр.','Килифарево','VTR04'),(36854,'с.','Кипилово','SLV11'),(36868,'с.','Кипра','VAR14'),(36871,'с.','Киревци','VTR13'),(36885,'с.','Киреево','VID25'),(36899,'с.','Кирилово','SZR31'),(36909,'с.','Кирилово','JAM07'),(36926,'с.','Кирково','KRZ14'),(36938,'с.','Кирово','BGS06'),(36943,'с.','Кирчево','LOV36'),(36957,'с.','Киселево','MON07'),(36960,'с.','Киселица','KNL50'),(36974,'с.','Киселчово','SML31'),(36988,'с.','Киселковци','GAB35'),(36991,'с.','Кисийците','GAB35'),(37006,'с.','Кисьовци','VTR04'),(37010,'с.','Китанчево','RAZ14'),(37023,'гр.','Китен','BGS27'),(37037,'с.','Китен','VAR24'),(37040,'с.','Китино','TGV02'),(37068,'с.','Китка','VAR01'),(37071,'с.','Китна','KRZ14'),(37085,'с.','Китница','KRZ02'),(37099,'с.','Кичево','VAR02'),(37109,'с.','Киченица','RAZ26'),(37126,'с.','Кладенец','HKV30'),(37135,'с.','Кладенец','SHU30'),(37143,'с.','Кладенци','BLG33'),(37157,'с.','Кладенци','DOB27'),(37160,'с.','Кладни дял','VTR04'),(37174,'с.','Кладница','PER32'),(37188,'с.','Кладоруб','VID16'),(37191,'с.','Клепало','BLG49'),(37201,'с.','Кликач','BGS09'),(37215,'с.','Климаш','BGS23'),(37229,'с.','Климент','PDV13'),(37232,'с.','Климент','SHU18'),(37246,'с.','Климентово','VAR02'),(37263,'с.','Клисура','BLG03'),(37277,'гр.','Клисура','PDV13'),(37280,'с.','Клисура','SOF46'),(37294,'с.','Клисура','SFO39'),(37304,'с.','Клисурица','MON29'),(37318,'ман.','Клисурски манастир','MON12'),(37321,'с.','Клокотница','HKV34'),(37335,'с.','Клъшка река','VTR04'),(37349,'с.','Ключ','BLG33'),(37352,'с.','Кметовци','GAB05'),(37366,'с.','Кметчета','GAB05'),(37376,'гр.','Кнежа','PVN39'),(37383,'с.','Книжовник','HKV34'),(37397,'с.','Княжева махала','MON07'),(37407,'с.','Княжево','HKV32'),(37410,'с.','Кобилино','HKV11'),(37424,'с.','Кобиляк','MON04'),(37438,'с.','Кобиляне','KRZ16'),(37455,'с.','Ковач','SZR27'),(37469,'с.','Ковачевец','TGV24'),(37472,'с.','Ковачевица','BLG13'),(37486,'с.','Ковачево','BLG40'),(37491,'с.','Ковачево','PAZ29'),(37507,'с.','Ковачево','SZR27'),(37513,'с.','Ковачевци','PER22'),(37527,'с.','Ковачевци','SFO39'),(37530,'с.','Ковачите','SLV20'),(37544,'с.','Ковачица','MON24'),(37558,'с.','Ковил','KRZ15'),(37561,'с.','Коевци','VTR32'),(37575,'с.','Коевци','GAB35'),(37592,'с.','Кожари','SML05'),(37602,'с.','Кожинци','PER51'),(37616,'с.','Кожлювци','VTR13'),(37622,'с.','Кожухарци','KRZ15'),(37633,'с.','Козаново','PDV01'),(37647,'с.','Козар Белене','PVN16'),(37650,'с.','Козаре','BGS09'),(37664,'с.','Козаревец','VTR20'),(37678,'с.','Козаревец','SZR31'),(37681,'с.','Козарево','JAM25'),(37695,'с.','Козарка','SML18'),(37705,'с.','Козарско','PAZ06'),(37722,'с.','Кози рог','GAB05'),(37736,'с.','Козица','KRZ08'),(37748,'с.','Козица','TGV24'),(37753,'с.','Козичино','BGS17'),(37767,'с.','Козлево','KRZ14'),(37770,'с.','Козлец','HKV34'),(37784,'с.','Козловец','VTR28'),(37798,'гр.','Козлодуй','VRC20'),(37808,'с.','Козлодуйци','DOB15'),(37811,'с.','Козма презвитер','TGV22'),(37825,'с.','Козница','BGS15'),(37839,'с.','Козяк','SLS10'),(37842,'с.','Козя река','VTR13'),(37856,'с.','Коиловци','PVN24'),(37863,'гр.','Койнаре','PVN37'),(37890,'с.','Койчовци','GAB35'),(37914,'с.','Кокаляне','SOF46'),(37928,'с.','Кокиче','KRZ16'),(37945,'с.','Кокорово','SML31'),(37959,'с.','Кокорци','SML27'),(37962,'с.','Кокошане','KRZ16'),(37976,'с.','Колари','VTR13'),(37989,'с.','Коларово','BLG33'),(37993,'с.','Коларово','SLS07'),(38008,'с.','Коларово','SZR27'),(38011,'с.','Коларово','HKV33'),(38025,'с.','Коларци','DOB27'),(38039,'с.','Колена','SZR31'),(38042,'с.','Колец','HKV19'),(38056,'с.','Колибите','BLG49'),(38060,'с.','Колишовци','GAB05'),(38073,'с.','Колобър','SLS10'),(38090,'с.','Колю Ганев','GAB35'),(38100,'с.','Колю Мариново','SZR04'),(38114,'с.','Комарево','VAR24'),(38128,'с.','Комарево','VRC08'),(38131,'с.','Комарево','MON02'),(38145,'с.','Комарево','PVN10'),(38159,'с.','Комощица','MON38'),(38162,'с.','Комунари','VAR16'),(38176,'с.','Комунига','KRZ35'),(38186,'с.','Комщица','SFO09'),(38193,'с.','Конак','TGV24'),(38203,'с.','Конаре','SZR37'),(38217,'с.','Конаре','DOB12'),(38220,'с.','Конарско','BLG53'),(38234,'с.','Конарското','GAB35'),(38248,'с.','Кондово','HKV11'),(38251,'с.','Кондолово','BGS13'),(38265,'с.','Кондофрей','PER36'),(38279,'с.','Коневец','JAM25'),(38282,'с.','Конево','KRZ16'),(38296,'с.','Конево','RAZ14'),(38306,'с.','Конево','SHU10'),(38317,'с.','Конници','HKV11'),(38323,'с.','Коноп','TGV02'),(38337,'с.','Константин','VTR13'),(38340,'с.','Константиновец','SZR27'),(38354,'с.','Константиново','VAR06'),(38368,'с.','Константиново','HKV29'),(38371,'с.','Контил','KRZ08'),(38385,'с.','Конуш','PDV01'),(38399,'с.','Конуш','HKV34'),(38409,'с.','Конче','KRZ21'),(38426,'с.','Коньово','SLV16'),(38432,'с.','Коняво','KNL29'),(38460,'с.','Копаница','PER36'),(38474,'с.','Копиловци','KNL29'),(38488,'с.','Копиловци','MON14'),(38491,'с.','Копитник','KRZ35'),(38501,'с.','Копрец','TGV35'),(38515,'с.','Коприва','KNL29'),(38529,'с.','Копривец','RSE04'),(38532,'с.','Копривлен','BLG52'),(38558,'гр.','Копривщица','SFO24'),(38563,'с.','Копринка','SZR12'),(38577,'с.','Копчелиите','GAB05'),(38580,'с.','Корен','HKV34'),(38594,'с.','Кориите','SML16'),(38604,'с.','Коритата','SML27'),(38618,'с.','Коритен','DOB20'),(38621,'с.','Корията','GAB29'),(38635,'с.','Коркина','KNL04'),(38652,'с.','Кормянско','GAB29'),(38666,'с.','Корница','BLG11'),(38683,'с.','Кортен','SLV16'),(38697,'с.','Кос','KRZ21'),(38707,'с.','Косара','SLS07'),(38710,'с.','Косарка','GAB12'),(38724,'с.','Косача','PER22'),(38738,'с.','Косевци','VTR13'),(38741,'с.','Косилка','GAB12'),(38769,'с.','Косовец','BGS17'),(38772,'с.','Косово','VID06'),(38786,'с.','Косово','KNL50'),(38799,'с.','Косово','PDV01'),(38804,'с.','Косово','SHU19'),(38813,'с.','Костадините','GAB05'),(38830,'с.','Костанденец','RAZ36'),(38844,'гр.','Костандово','PAZ24'),(38858,'с.','Коста Перчево','VID22'),(38861,'с.','Костел','VTR13'),(38875,'с.','Костелево','VRC10'),(38889,'с.','Костен','BGS23'),(38892,'с.','Костена река','SHU30'),(38902,'гр.','Костенец','SFO25'),(38916,'с.','Костенец','SFO25'),(38920,'с.','Костенковци','GAB05'),(38933,'с.','Костенци','MON02'),(38947,'с.','Кости','BGS13'),(38950,'с.','Костиево','PDV17'),(38964,'с.','Костилково','HKV11'),(38978,'гр.','Костинброд','SFO26'),(38981,'с.','Костино','KRZ16'),(38995,'с.','Костичовци','VID16'),(39001,'с.','Костур','HKV28'),(39013,'с.','Костурино','KRZ14'),(39027,'с.','Костуринци','PER51'),(39030,'гр.','Котел','SLV11'),(39044,'с.','Котеновци','MON02'),(39058,'с.','Котлари','KRZ15'),(39061,'с.','Котленци','DOB15'),(39075,'с.','Котуци','VTR13'),(39089,'с.','Кочан','BLG42'),(39092,'с.','Кочани','SML18'),(39102,'с.','Кочево','PDV28'),(39116,'гр.','Кочериново','KNL27'),(39127,'с.','Кочмар','DOB27'),(39133,'с.','Кочово','SHU23'),(39147,'с.','Кошава','VID09'),(39150,'с.','Кошарево','PER08'),(39164,'с.','Кошарица','BGS15'),(39178,'с.','Кошарна','RSE33'),(39181,'с.','Кошница','SML31'),(39195,'с.','Кошничари','TGV35'),(39205,'с.','Кошов','RSE13'),(39222,'с.','Кравино','SZR23'),(39236,'с.','Краводер','VRC21'),(39242,'с.','Крагулево','DOB15'),(39267,'с.','Краево','SFO07'),(39270,'с.','Краище','BLG02'),(39284,'с.','Краище','DOB12'),(39298,'с.','Крайгорци','SHU10'),(39311,'с.','Крайна','SML16'),(39325,'с.','Крайни дол','KNL48'),(39339,'с.','Крайници','KNL48'),(39342,'с.','Крайно село','KRZ16'),(39356,'с.','Крайново','JAM03'),(39368,'с.','Крайполе','TGV02'),(39373,'с.','Кракра','VAR09'),(39387,'с.','Кралев дол','PER32'),(39390,'с.','Кралево','TGV35'),(39400,'с.','Кралево','HKV30'),(39428,'с.','Крали Марко','PAZ19'),(39431,'с.','Крамолин','GAB29'),(39445,'с.','Кран','KRZ14'),(39459,'с.','Кранево','DOB03'),(39462,'с.','Краново','SLS15'),(39483,'с.','Крапец','VRC27'),(39493,'с.','Крапец','DOB29'),(39503,'с.','Крапчене','MON29'),(39517,'с.','Красава','PER08'),(39520,'с.','Красен','RSE13'),(39534,'с.','Красен','DOB12'),(39548,'с.','Красен дол','SHU21'),(39551,'с.','Красимир','VAR16'),(39565,'с.','Красино','KRZ15'),(39579,'с.','Красново','PDV37'),(39582,'с.','Красно градище','VTR32'),(39596,'с.','Красноселци','TGV22'),(39606,'с.','Крачимир','VID01'),(39614,'с.','Кремен','BLG01'),(39623,'с.','Кремена','DOB03'),(39637,'с.','Кремене','SML31'),(39640,'с.','Кременик','KNL48'),(39668,'с.','Крепост','HKV09'),(39671,'с.','Крепча','TGV23'),(39685,'с.','Креслювци','GAB35'),(39699,'с.','Стара Кресна','BLG28'),(39709,'с.','Крета','VRC27'),(39712,'с.','Крета','PVN08'),(39726,'с.','Крибул','BLG42'),(39730,'с.','Крива бара','VRC20'),(39743,'с.','Крива бара','MON07'),(39757,'с.','Крива круша','SLV16'),(39760,'с.','Крива река','SHU21'),(39788,'с.','Кривина','RSE37'),(39791,'с.','Кривина','SOF46'),(39801,'с.','Кривини','VAR13'),(39815,'с.','Кривица','RAZ29'),(39829,'с.','Кривня','VAR24'),(39832,'с.','Кривня','RSE05'),(39846,'гр.','Криводол','VRC21'),(39855,'с.','Кривонос','PER08'),(39863,'с.','Криво поле','HKV34'),(39877,'с.','Крилатица','KRZ14'),(39880,'с.','Крилювци','VTR13'),(39894,'с.','Крин','KRZ16'),(39918,'с.','Крислово','PDV17'),(39921,'гр.','Кричим','PDV39'),(39935,'с.','Кромидово','BLG33'),(39949,'с.','Крояч','RAZ17'),(39952,'с.','Кроячево','KRZ02'),(39966,'с.','Крум','HKV09'),(39970,'гр.','Крумовград','KRZ15'),(39983,'с.','Крумово','VAR02'),(39997,'с.','Крумово','KNL27'),(40004,'с.','Крумово','PDV26'),(40018,'с.','Крумово','JAM25'),(40021,'с.','Крумово градище','BGS09'),(40035,'с.','Крумчевци','VTR13'),(40049,'с.','Крупен','DOB17'),(40052,'с.','Крупник','BLG44'),(40066,'с.','Круша','VAR01'),(40070,'с.','Круша','SFO16'),(40083,'с.','Крушаре','SLV20'),(40097,'с.','Крушари','DOB20'),(40110,'с.','Крушев дол','SML16'),(40124,'с.','Крушевец','BGS21'),(40138,'с.','Крушево','BLG13'),(40141,'с.','Крушево','GAB29'),(40155,'с.','Крушево','PDV23'),(40169,'с.','Крушевска','KRZ16'),(40172,'с.','Крушето','VTR06'),(40186,'с.','Крушка','KRZ16'),(40195,'с.','Крушовене','PVN10'),(40200,'с.','Крушовица','VRC28'),(40213,'с.','Крушовица','PVN11'),(40227,'с.','Крушовица','SFO17'),(40230,'с.','Крушово','BGS09'),(40244,'с.','Крушово','PDV15'),(40258,'с.','Крушолак','TGV02'),(40261,'с.','Крушуна','LOV17'),(40275,'с.','Кръвеник','GAB29'),(40292,'гр.','Крън','SZR12'),(40302,'с.','Крънджилица','BLG33'),(40316,'с.','Крънча','GAB12'),(40326,'с.','Кръстатица','SML02'),(40333,'с.','Кръстевич','PDV37'),(40350,'с.','Кръстеняците','GAB35'),(40364,'с.','Кръстец','GAB35'),(40378,'с.','Кръстилци','BLG40'),(40381,'с.','Кръстина','BGS08'),(40395,'с.','Кръшно','TGV35'),(40419,'с.','Кубадин','BGS06'),(40422,'гр.','Кубрат','RAZ16'),(40436,'с.','Кубратово','SOF46'),(40441,'с.','Куделин','VID06'),(40453,'с.','Кузьово','BLG02'),(40467,'гр.','Куклен','PDV42'),(40470,'с.','Кукля','GAB12'),(40484,'с.','Кукорево','JAM25'),(40498,'с.','Кукувица','SML31'),(40508,'с.','Кукурахцево','BLG33'),(40511,'с.','Кукуряк','KRZ14'),(40525,'гр.','Кула','VID22'),(40539,'с.','Кулата','BLG33'),(40573,'с.','Кулина вода','PVN03'),(40587,'с.','Куманите','GAB12'),(40590,'с.','Куманово','VAR02'),(40628,'с.','Кундево','SML18'),(40645,'с.','Кунино','VRC32'),(40659,'с.','Купен','GAB29'),(40662,'с.','Купен','SML16'),(40676,'с.','Купците','KRZ08'),(40693,'с.','Курново','VRC32'),(40703,'с.','Куртово','PDV13'),(40717,'с.','Куртово Конаре','PDV41'),(40748,'с.','Кутела','SML31'),(40751,'с.','Кутловица','SLS01'),(40765,'с.','Кутугерци','KNL29'),(40779,'с.','Куцаровци','VTR04'),(40782,'с.','Куцина','VTR26'),(40796,'с.','Куцово','KRZ35'),(40806,'с.','Кушла','SML11'),(40823,'с.','Къклица','KRZ15'),(40837,'с.','Къкрина','LOV18'),(40840,'с.','Кълново','SHU25'),(40868,'с.','Кънчево','SZR12'),(40871,'с.','Къпинец','TGV02'),(40885,'с.','Къпиново','DOB12'),(40899,'с.','Къпиновци','RAZ14'),(40909,'гр.','Кърджали','KRZ16'),(40912,'с.','Кърналово','BLG33'),(40926,'с.','Кърланово','BLG40'),(40939,'с.','Кърнаре','PDV13'),(40943,'с.','Кърпачево','LOV17'),(40957,'с.','Кърпелево','BLG49'),(40960,'с.','Къртипъня','GAB12'),(40974,'с.','Къртожабене','PVN24'),(40988,'с.','Кърчовско','KRZ14'),(40991,'с.','Кършалево','KNL29'),(41006,'с.','Късак','SML10'),(41010,'с.','Кътина','SOF46'),(41037,'с.','Къшин','PVN24'),(41040,'с.','Къшле','PER51'),(41054,'с.','Кьолмен','SHU10'),(41085,'с.','Кьосево','KRZ16'),(41099,'с.','Кьосевци','TGV02'),(41109,'с.','Кюлевча','SHU19'),(41112,'гр.','Кюстендил','KNL29'),(41126,'с.','Конска','PER08'),(41136,'с.','Кръстава','PAZ08'),(41143,'с.','Калипетрово','SLS31'),(41157,'с.','Еленка','SML18'),(41174,'с.','Кремен','KRZ14'),(41188,'с.','Коньовец','SHU30'),(41191,'с.','Костадинкино','SFO20'),(41232,'с.','Кленовик','PER36'),(41246,'с.','Климентово','VTR26'),(41251,'с.','Кошарите','PER36'),(41263,'с.','Кутово','VID09'),(41277,'с.','Крайна','SML18'),(43013,'с.','Лагерите','VTR04'),(43027,'с.','Лагошевци','VID16'),(43030,'с.','Ладарево','BLG40'),(43044,'с.','Лазарово','PVN39'),(43058,'с.','Торос','LOV19'),(43061,'с.','Лазарци','VTR13'),(43092,'с.','Лакатник','SFO43'),(43102,'с.','Лале','KRZ21'),(43116,'с.','Лалково','JAM07'),(43128,'с.','Ламбух','HKV11'),(43147,'с.','Ласкар','PVN24'),(43150,'с.','Ласкарево','BLG40'),(43164,'с.','Латинка','KRZ02'),(43178,'с.','Лебед','KRZ08'),(43181,'с.','Лебница','BLG40'),(43195,'с.','Лева река','PER51'),(43205,'с.','Левка','HKV28'),(43219,'с.','Левочево','SML31'),(43222,'с.','Левски','VAR26'),(43236,'гр.','Левски','PVN16'),(43243,'с.','Левуново','BLG40'),(43253,'с.','Леденик','VTR04'),(43267,'с.','Лелинци','KNL29'),(43270,'с.','Ленище','KRZ02'),(43284,'с.','Ленково','PVN08'),(43298,'с.','Леново','PDV01'),(43308,'с.','Ленско','HKV11'),(43311,'с.','Лепица','PVN37'),(43325,'с.','Лесидрен','LOV36'),(43339,'с.','Лесичарка','GAB05'),(43342,'с.','Лесиче','VTR13'),(43356,'с.','Лесичери','VTR22'),(43369,'с.','Лесичово','PAZ14'),(43373,'с.','Леска','KNL29'),(43387,'с.','Леска','SML16'),(43390,'с.','Лесковдол','SFO43'),(43400,'с.','Лесковец','VRC31'),(43414,'с.','Лесковец','MON02'),(43428,'с.','Лесковец','PER32'),(43431,'с.','Лясково','DOB15'),(43445,'с.','Лесново','SFO17'),(43459,'с.','Лесово','JAM07'),(43462,'с.','Лесура','VRC21'),(43476,'гр.','Летница','LOV17'),(43484,'с.','Летница','SFO16'),(43493,'с.','Летовник','KRZ21'),(43503,'с.','Лехово','BLG40'),(43517,'с.','Лехчево','MON04'),(43520,'с.','Лешко','BLG03'),(43548,'с.','Лешниково','HKV33'),(43551,'с.','Лешниковци','PER51'),(43565,'с.','Лешница','BLG40'),(43579,'с.','Лешница','LOV18'),(43582,'с.','Лещак','SML16'),(43596,'с.','Лещарка','KRZ15'),(43606,'с.','Лещен','BLG13'),(43615,'с.','Леярово','JAM22'),(43623,'с.','Ливада','BGS08'),(43637,'с.','Ливаде','SML16'),(43654,'с.','Лик','VRC27'),(43668,'с.','Лилеково','SML38'),(43671,'с.','Лилково','PDV26'),(43685,'с.','Лиляк','TGV35'),(43699,'с.','Лиляново','BLG40'),(43709,'с.','Лиляч','KNL31'),(43712,'с.','Лиляче','VRC10'),(43726,'с.','Лимец','KRZ15'),(43730,'с.','Липен','MON29'),(43743,'с.','Липец','SML31'),(43757,'с.','Липинци','SFO16'),(43760,'с.','Липник','RAZ26'),(43774,'с.','Липница','VRC28'),(43788,'с.','Липница','SFO07'),(43815,'с.','Лисец','KNL29'),(43829,'с.','Лисец','LOV18'),(43832,'с.','Лисец','SFO39'),(43846,'с.','Лиси връх','SHU18'),(43856,'с.','Лисиците','KRZ16'),(43863,'с.','Лисия','BLG03'),(43877,'с.','Лисово','HKV28'),(43880,'с.','Листец','BGS18'),(43894,'с.','Листец','SLS07'),(43904,'с.','Литаково','SFO07'),(43918,'с.','Лобош','PER22'),(43921,'с.','Ловец','SZR31'),(43935,'с.','Ловец','TGV35'),(43949,'с.','Ловец','SHU10'),(43952,'гр.','Ловеч','LOV18'),(43966,'с.','Ловнидол','GAB29'),(43983,'с.','Ловци','SML16'),(43997,'с.','Ловчанци','DOB15'),(44015,'с.','Лоза','GAB05'),(44029,'с.','Лозарево','BGS23'),(44032,'с.','Лозево','SHU30'),(44046,'с.','Лозен','VTR31'),(44053,'с.','Лозен','PAZ29'),(44063,'с.','Лозен','SOF46'),(44077,'с.','Лозен','HKV17'),(44080,'с.','Лозенградци','KRZ14'),(44094,'с.','Лозенец','BGS13'),(44104,'с.','Лозенец','DOB20'),(44118,'с.','Лозенец','JAM22'),(44121,'с.','Лозеница','BLG40'),(44149,'с.','Лозица','BGS23'),(44152,'с.','Лозица','PVN21'),(44166,'гр.','Лозница','RAZ17'),(44179,'с.','Лозница','DOB12'),(44183,'с.','Лозно','KNL29'),(44210,'с.','Локвата','KNL04'),(44224,'с.','Локорско','SOF46'),(44238,'гр.','Лом','MON24'),(44241,'с.','Ломец','LOV34'),(44255,'с.','Ломница','KNL29'),(44269,'с.','Ломница','PER51'),(44272,'с.','Ломница','DOB15'),(44286,'с.','Ломци','TGV24'),(44294,'с.','Лопушна','VAR16'),(44300,'с.','Лопушня','SFO09'),(44313,'с.','Лопян','SFO18'),(44327,'гр.','Луковит','LOV19'),(44330,'с.','Луково','SFO43'),(44344,'с.','Луличка','KRZ15'),(44358,'с.','Лъвино','RAZ14'),(44361,'с.','Лъвово','KRZ16'),(44389,'с.','Лъга','SFO18'),(44402,'с.','Баните','SML02'),(44416,'с.','Лъжница','BLG11'),(44425,'с.','Лъка','BGS17'),(44433,'с.','Лъка','SML31'),(44447,'с.','Лъкавица','PDV15'),(44464,'с.','Лъки','BLG52'),(44478,'гр.','Лъки','PDV15'),(44481,'с.','Любен','PDV33'),(44495,'с.','Любен','SLS32'),(44505,'с.','Любенец','SLV16'),(44519,'с.','Любен Каравелово','VAR02'),(44522,'с.','Любенова махала','SLV16'),(44536,'с.','Любеново','PVN21'),(44540,'с.','Любеново','SZR27'),(44553,'с.','Любеново','HKV34'),(44567,'с.','Любенци','VTR31'),(44570,'гр.','Любимец','HKV17'),(44584,'с.','Любино','KRZ02'),(44598,'с.','Любичево','TGV02'),(44608,'с.','Люблен','TGV23'),(44611,'с.','Любница','SFO20'),(44625,'с.','Любовище','BLG40'),(44639,'с.','Любовка','BLG40'),(44642,'с.','Любча','SML10'),(44656,'с.','Люлин','PER32'),(44666,'с.','Люлин','JAM22'),(44673,'с.','Люлка','SML31'),(44687,'с.','Люляк','SZR31'),(44690,'с.','Люляково','BGS18'),(44700,'с.','Люляково','KRZ16'),(44714,'с.','Люляково','DOB12'),(44728,'с.','Лютаджик','VRC10'),(44745,'с.','Лютиброд','VRC27'),(44759,'с.','Лютидол','VRC27'),(44762,'с.','Лютово','BLG02'),(44776,'с.','Лява река','SZR37'),(44781,'с.','Лялинци','PER51'),(44793,'гр.','Лясковец','VTR20'),(44803,'с.','Лясковец','HKV30'),(44817,'с.','Лясково','BGS01'),(44820,'с.','Лясково','KRZ35'),(44834,'с.','Лясково','PDV01'),(44848,'с.','Лясково','SML09'),(44851,'с.','Лясково','SZR31'),(44865,'с.','Лятно','SHU18'),(44879,'с.','Ляхово','PAZ19'),(44882,'с.','Ляхово','DOB03'),(44896,'с.','Левци','KRZ02'),(44906,'с.','Левище','SFO43'),(44937,'с.','Ловско','RAZ17'),(46019,'с.','Магарджица','SML31'),(46036,'с.','Мадан','MON04'),(46045,'гр.','Мадан','SML16'),(46053,'с.','Мадара','SHU30'),(46067,'с.','Маджаре','SFO39'),(46070,'с.','Маджари','HKV30'),(46084,'гр.','Маджарово','HKV18'),(46098,'с.','Маджерито','SZR31'),(46108,'с.','Мазарачево','KNL29'),(46111,'с.','Майор Узуново','VID09'),(46125,'с.','Майско','VTR13'),(46139,'с.','Майсторово','KRZ16'),(46156,'с.','Мак','KRZ02'),(46190,'с.','Макариополско','TGV35'),(46214,'с.','Македонци','KRZ16'),(46228,'с.','Маково','TGV35'),(46231,'с.','Макоцево','SFO10'),(46245,'с.','Макреш','VID25'),(46259,'с.','Мала Раковица','SFO06'),(46262,'с.','Мала Фуча','KNL04'),(46276,'с.','Мала църква','SFO39'),(46286,'с.','Малево','SML38'),(46293,'с.','Малево','HKV34'),(46303,'с.','Маленово','JAM22'),(46317,'с.','Мали Върбовник','KNL04'),(46320,'с.','Мали Дреновец','VID16'),(46334,'с.','Мали извор','DOB27'),(46348,'с.','Малина','BGS06'),(46351,'с.','Малина','DOB12'),(46365,'с.','Малини','GAB05'),(46396,'с.','Малиново','LOV18'),(46406,'с.','Малка Арда','SML02'),(46417,'с.','Малка Верея','SZR31'),(46437,'с.','Малка Желязна','LOV33'),(46440,'с.','Малка поляна','BGS01'),(46454,'с.','Малка Смолница','DOB15'),(46468,'с.','Малка Черковна','TGV02'),(46471,'с.','Малка Чинка','KRZ15'),(46485,'с.','Малки Българени','GAB12'),(46499,'с.','Малки Воден','HKV18'),(46509,'с.','Малки Вършец','GAB29'),(46512,'с.','Малки Станчовци','GAB35'),(46526,'с.','Малки Цалим','BLG40'),(46532,'с.','Малки чифлик','VTR04'),(46543,'с.','Малко Асеново','HKV09'),(46557,'с.','Малко Брягово','HKV18'),(46560,'с.','Малко Враново','RSE33'),(46574,'с.','Малко градище','HKV17'),(46588,'с.','Малко Дряново','SZR04'),(46591,'с.','Малко Кадиево','SZR31'),(46601,'с.','Малко Каменяне','KRZ15'),(46615,'с.','Малко Кирилово','JAM07'),(46629,'с.','Малко Крушево','SML02'),(46632,'с.','Малко Попово','HKV18'),(46646,'с.','Малко село','SLV11'),(46658,'с.','Малко Тръново','SZR36'),(46663,'гр.','Малко Търново','BGS12'),(46680,'с.','Малкоч','KRZ14'),(46694,'с.','Малко Чочовени','SLV20'),(46704,'с.','Малко Шарково','JAM03'),(46721,'с.','Мало Бучино','SOF46'),(46735,'с.','Малоградец','TGV02'),(46749,'с.','Мало Конаре','PAZ19'),(46752,'с.','Мало Крушево','PDV37'),(46766,'с.','Мало Малово','SFO16'),(46773,'с.','Маломир','SHU10'),(46783,'с.','Маломир','JAM25'),(46797,'с.','Маломирово','JAM07'),(46807,'с.','Мало Пещене','VRC10'),(46810,'с.','Малорад','VRC05'),(46824,'с.','Мало село','KNL04'),(46841,'с.','Малчика','PVN16'),(46855,'с.','Малчовци','VTR04'),(46869,'с.','Малчовци','GAB35'),(46872,'с.','Малък Девесил','KRZ15'),(46886,'с.','Малък извор','LOV38'),(46899,'с.','Малък извор','HKV30'),(46904,'с.','Малък манастир','JAM07'),(46913,'с.','Малък Поровец','RAZ14'),(46927,'с.','Малък Преславец','SLS07'),(46930,'с.','Припек','BGS18'),(46944,'с.','Малък чардак','PDV33'),(46958,'с.','Мамарчево','JAM03'),(46961,'с.','Манаселска река','SFO34'),(46975,'с.','Манастир','VAR24'),(46989,'с.','Манастир','PDV15'),(46992,'с.','Манастир','HKV34'),(47007,'с.','Манастирица','TGV24'),(47010,'с.','Манастирище','VRC35'),(47024,'с.','Манастирище','SFO43'),(47038,'с.','Манастирско','RAZ17'),(47041,'с.','Манастирци','RAZ17'),(47055,'с.','Мандра','HKV34'),(47069,'с.','Мандрица','HKV11'),(47072,'с.','Маневци','GAB35'),(47086,'с.','Маноле','PDV17'),(47096,'с.','Манолич','BGS23'),(47101,'с.','Манолово','SZR24'),(47113,'с.','Манолско Конаре','PDV17'),(47127,'с.','Маноя','GAB12'),(47130,'с.','Манушевци','TGV02'),(47144,'с.','Манчево','KRZ21'),(47158,'с.','Марафелци','VTR13'),(47161,'с.','Мараш','SHU30'),(47175,'с.','Марговци','VTR04'),(47189,'с.','Марикостиново','BLG33'),(47202,'с.','Маринка','BGS04'),(47227,'с.','Мариновци','VTR13'),(47247,'с.','Марино поле','BLG33'),(47250,'с.','Марино поле','PDV13'),(47264,'с.','Марица','SFO39'),(47278,'гр.','Симеоновград','HKV29'),(47295,'с.','Марково','PDV26'),(47305,'с.','Марково','SZR04'),(47319,'с.','Марково','SHU19'),(47322,'с.','Марково равнище','VRC32'),(47336,'гр.','Мартен','RSE27'),(47342,'с.','Мартино','KRZ16'),(47353,'с.','Мартиново','MON36'),(47370,'с.','Марулево','BLG03'),(47384,'с.','Маруцековци','GAB35'),(47408,'с.','Марчево','BLG13'),(47411,'с.','Марчино','TGV24'),(47425,'с.','Марян','VTR13'),(47439,'с.','Масларево','VTR26'),(47442,'с.','Маслиново','HKV34'),(47456,'с.','Матешовци','GAB35'),(47468,'с.','Маточина','HKV28'),(47473,'с.','Махалата','BLG49'),(47487,'с.','Махалници','VTR13'),(47500,'с.','Маца','SZR27'),(47528,'с.','Медвен','SLV11'),(47531,'с.','Медевци','KRZ14'),(47545,'с.','Меден бук','HKV11'),(47559,'с.','Медени поляни','PAZ39'),(47562,'с.','Меден кладенец','JAM25'),(47583,'с.','Медешевци','VID15'),(47593,'с.','Медковец','MON26'),(47603,'с.','Медникарово','SZR07'),(47617,'с.','Медовене','RAZ16'),(47620,'с.','Медовец','VAR16'),(47634,'с.','Медовина','TGV24'),(47648,'с.','Медовница','VID16'),(47651,'с.','Медово','BGS17'),(47665,'с.','Медово','SZR04'),(47679,'с.','Медово','DOB15'),(47682,'с.','Межда','JAM25'),(47696,'с.','Межден','SLS10'),(47706,'с.','Междени','GAB05'),(47714,'гр.','Мездра','VRC27'),(47723,'с.','Мездрея','MON02'),(47737,'с.','Мезек','HKV28'),(47754,'гр.','Мелник','BLG40'),(47768,'с.','Мелница','JAM07'),(47771,'с.','Меляне','MON14'),(47785,'с.','Менгишево','SHU10'),(47799,'с.','Мендово','BLG33'),(47809,'с.','Теменуга','KRZ02'),(47812,'с.','Мененкьово','PAZ04'),(47826,'с.','Мерданя','VTR20'),(47843,'гр.','Меричлери','HKV09'),(47857,'с.','Места','BLG01'),(47860,'с.','Метлика','KRZ15'),(47874,'с.','Метличина','VAR09'),(47888,'с.','Метличина','KRZ14'),(47891,'с.','Метличка','KRZ14'),(47901,'с.','Методиево','DOB15'),(47915,'с.','Методиево','SHU10'),(47929,'с.','Метохия','KNL50'),(47963,'с.','Мечка','PVN24'),(47977,'с.','Мечка','RSE13'),(47980,'с.','Мечкарево','SLV20'),(47994,'с.','Мечковица','GAB05'),(48009,'с.','Мечковци','SFO20'),(48012,'с.','Мечкул','BLG44'),(48026,'с.','Мечово','TGV02'),(48037,'с.','Мещица','PER32'),(48043,'гр.','Мизия','VRC28'),(48057,'с.','Мийковци','VTR13'),(48060,'с.','Микре','LOV36'),(48074,'с.','Миладиново','KRZ16'),(48088,'с.','Миладиновци','DOB15'),(48091,'с.','Миладиновци','TGV35'),(48101,'с.','Миладиновци','JAM25'),(48129,'с.','Миланово','SFO43'),(48132,'с.','Миланово','SHU23'),(48146,'с.','Миле','SML16'),(48152,'с.','Милево','PDV28'),(48163,'с.','Елхово','SZR38'),(48177,'с.','Милевци','GAB35'),(48194,'с.','Милино','TGV02'),(48204,'с.','Милковица','PVN08'),(48218,'с.','Милково','SML31'),(48235,'с.','Милковци','GAB05'),(48249,'с.','Милкьовци','PER51'),(48252,'с.','Милославци','PER51'),(48266,'с.','Милчина лъка','VID15'),(48278,'с.','Миндя','VTR04'),(48283,'с.','Миневци','VTR13'),(48297,'с.','Минерални бани','HKV19'),(48307,'с.','Минзухар','KRZ35'),(48324,'с.','Мирково','SFO56'),(48338,'с.','Мировец','TGV35'),(48341,'с.','Мирово','VTR31'),(48355,'с.','Вратца','KNL29'),(48369,'с.','Мирово','SFO20'),(48372,'с.','Мирово','SZR04'),(48386,'с.','Мировци','SHU22'),(48393,'с.','Мировяне','SOF46'),(48409,'с.','Миролюбово','BGS04'),(48430,'с.','Мирчовци','VTR13'),(48444,'с.','Мирянци','PAZ19'),(48458,'с.','Митино','BLG33'),(48461,'с.','Митовска','SML16'),(48475,'с.','Митровци','MON36'),(48489,'гр.','Монтана','MON29'),(48492,'с.','Михайлово','VRC35'),(48502,'с.','Михайлово','SZR31'),(48516,'с.','Михайловци','GAB05'),(48524,'с.','Михалич','VAR09'),(48533,'с.','Михалич','HKV28'),(48547,'с.','Михалково','SML09'),(48550,'с.','Михалци','VTR22'),(48564,'с.','Михилци','PDV37'),(48578,'с.','Михнево','BLG33'),(48581,'с.','Миховци','GAB35'),(48605,'с.','Мичковци','GAB05'),(48619,'гр.','Царево','BGS13'),(48622,'с.','Мишевско','KRZ08'),(48636,'с.','Мишеморков хан','VTR04'),(48653,'с.','Млада гвардия','VAR08'),(48667,'с.','Младежко','BGS12'),(48670,'с.','Младен','GAB29'),(48698,'с.','Младиново','HKV28'),(48708,'с.','Младово','SLV20'),(48711,'с.','Мламолово','KNL04'),(48725,'с.','Млекарево','SLV16'),(48742,'с.','Млечево','GAB29'),(48756,'с.','Млечино','KRZ02'),(48765,'с.','Могила','SZR31'),(48773,'с.','Могила','SHU19'),(48787,'с.','Могила','JAM25'),(48790,'с.','Могилец','TGV22'),(48800,'с.','Могилите','GAB35'),(48814,'с.','Могилица','SML31'),(48828,'с.','Могилище','DOB17'),(48831,'с.','Могилово','SZR36'),(48845,'с.','Могиляне','KRZ14'),(48859,'с.','Мокреш','MON11'),(48862,'с.','Мокреш','SHU23'),(48876,'с.','Мокрище','PAZ19'),(48903,'с.','Момина клисура','PAZ04'),(48917,'с.','Момина сълза','KRZ21'),(48920,'с.','Момино','TGV35'),(48934,'с.','Момино','HKV34'),(48948,'с.','Момино село','PDV25'),(48951,'с.','Момин сбор','VTR04'),(48965,'с.','Моминско','PDV28'),(48979,'с.','Момково','HKV28'),(48982,'с.','Царичино','DOB03'),(48996,'гр.','Момчилград','KRZ21'),(49000,'с.','Момчилово','VAR08'),(49014,'с.','Момчиловци','SML31'),(49028,'с.','Морава','VTR28'),(49031,'с.','Моравица','VRC27'),(49045,'с.','Моравица','TGV02'),(49059,'с.','Моравка','TGV02'),(49062,'с.','Моровеците','GAB05'),(49076,'с.','Горно Черковище','SZR12'),(49093,'с.','Мортагоново','RAZ26'),(49103,'с.','Морянци','KRZ15'),(49117,'с.','Московец','PDV13'),(49120,'с.','Мост','KRZ16'),(49148,'с.','Мостич','SHU23'),(49151,'с.','Мостово','PDV01'),(49165,'с.','Мочуре','SML27'),(49179,'с.','Мощанец','BLG03'),(49182,'с.','Мракетинци','PER51'),(49196,'с.','Мрамор','PER51'),(49206,'с.','Мрамор','SOF46'),(49219,'с.','Мрамор','HKV32'),(49223,'с.','Мраморен','VRC10'),(49237,'с.','Мрахори','GAB05'),(49240,'с.','Мраченик','PDV13'),(49254,'с.','Мрежичко','BGS18'),(49268,'с.','Мрежичко','KRZ08'),(49271,'с.','Мръзеци','GAB35'),(49285,'с.','Мугла','SML31'),(49299,'с.','Музга','GAB05'),(49309,'с.','Мулдава','PDV01'),(49312,'с.','Рупите','BLG33'),(49326,'с.','Мурга','KRZ35'),(49334,'с.','Мургаш','SFO09'),(49343,'с.','Мургово','KRZ16'),(49357,'с.','Мурено','PER19'),(49360,'с.','Мурсалево','KNL27'),(49374,'с.','Муртинци','PER08'),(49388,'с.','Мусачево','SFO17'),(49391,'с.','Мусачево','SZR07'),(49401,'с.','Мусево','KRZ02'),(49415,'с.','Муселиево','PVN21'),(49429,'с.','Мусина','VTR22'),(49432,'с.','Мосомище','BLG11'),(49446,'с.','Мустрак','HKV28'),(49450,'с.','Мухово','SFO20'),(49463,'с.','Муця','GAB12'),(49477,'с.','Мъглен','BGS01'),(49480,'с.','Мъглене','KRZ14'),(49494,'гр.','Мъглиж','SZR22'),(49504,'с.','Мъглища','SML16'),(49518,'с.','Мъдрево','RAZ16'),(49521,'с.','Мъдрец','KRZ16'),(49535,'с.','Мъдрец','SZR07'),(49549,'с.','Мъдрино','BGS09'),(49566,'с.','Мърводол','KNL31'),(49583,'с.','Мъртвината','VTR13'),(49597,'с.','Мърчаево','SOF46'),(49607,'с.','Мърчево','MON04'),(49624,'с.','Мътеница','PDV37'),(49641,'с.','Малки Искър','SFO18'),(49655,'с.','Малуша','GAB05'),(49686,'с.','Микрево','BLG49'),(49998,'с.','Малък дол','SZR04'),(50245,'гр.','Момин проход','SFO25'),(50512,'с.','Малко Йонково','RAZ14'),(51010,'с.','Навъсен','HKV29'),(51024,'с.','Надарево','TGV35'),(51038,'с.','Надарци','SML31'),(51041,'с.','Надежден','HKV33'),(51055,'с.','Преображенци','BGS18'),(51069,'с.','Найден Герово','PDV33'),(51072,'с.','Найденово','SZR04'),(51086,'с.','Нане','KRZ14'),(51097,'с.','Нановица','KRZ21'),(51127,'с.','Нареченски бани','PDV01'),(51130,'с.','Насалевци','PER51'),(51158,'с.','Наум','SHU18'),(51161,'с.','Научене','SLV16'),(51175,'с.','Нацовци','VTR04'),(51189,'с.','Начево','SFO16'),(51192,'с.','Небеска','KRZ35'),(51202,'с.','Невестино','BGS09'),(51216,'с.','Невестино','KNL31'),(51233,'с.','Невша','VAR08'),(51250,'с.','Негован','SOF46'),(51264,'с.','Неговановци','VID30'),(51278,'с.','Негованци','PER36'),(51281,'с.','Негушево','SFO10'),(51295,'с.','Недан','VTR22'),(51305,'с.','Неделево','PDV33'),(51319,'гр.','Неделино','SML18'),(51322,'с.','Неделище','SFO16'),(51336,'с.','Неделкова Гращица','KNL31'),(51343,'с.','Неделково','PER51'),(51353,'с.','Недоклан','RAZ26'),(51367,'с.','Недялковци','VTR13'),(51370,'с.','Недялковци','GAB35'),(51384,'с.','Недялско','JAM22'),(51398,'с.','Нейково','SLV11'),(51408,'с.','Нейково','DOB17'),(51411,'с.','Нейкьовец','SFO20'),(51439,'с.','Нейчовци','GAB12'),(51442,'с.','Ненково','KRZ16'),(51456,'с.','Неново','VAR24'),(51469,'с.','Неновци','GAB35'),(51473,'с.','Неофит Бозвелиево','KRZ21'),(51487,'с.','Неофит Рилски','VAR08'),(51490,'с.','Непразненци','PER08'),(51500,'гр.','Несебър','BGS15'),(51514,'с.','Несла','SFO16'),(51528,'с.','Нефела','VRC10'),(51531,'с.','Нешевци','VTR13'),(51559,'с.','Нивянин','VRC05'),(51562,'с.','Никачковци','GAB35'),(51584,'с.','Николаевка','VAR26'),(51593,'с.','Николаево','VTR31'),(51603,'с.','Николаево','GAB35'),(51617,'с.','Николаево','PER36'),(51620,'с.','Николаево','PVN24'),(51634,'с.','Николаево','SLV20'),(51648,'гр.','Николаево','SZR38'),(51651,'с.','Никола Козлево','SHU21'),(51665,'с.','Николово','MON29'),(51679,'с.','Николово','RSE27'),(51682,'с.','Николово','HKV34'),(51696,'с.','Николовци','VTR13'),(51706,'с.','Николчовци','VTR13'),(51715,'с.','Николчовци','GAB05'),(51723,'гр.','Никопол','PVN21'),(51737,'с.','Никудин','BLG49'),(51740,'с.','Никюп','VTR04'),(51768,'с.','Нисово','RSE13'),(51771,'с.','Ничовци','VTR13'),(51785,'с.','Нова бяла река','SHU10'),(51799,'с.','Нова Върбовка','VTR31'),(51809,'гр.','Нова Загора','SLV16'),(51812,'с.','Нова Камена','DOB27'),(51826,'с.','Новаково','VAR02'),(51830,'с.','Новаково','PDV01'),(51843,'с.','Новаковци','GAB05'),(51857,'с.','Нова ливада','HKV11'),(51860,'с.','Нова Ловча','BLG52'),(51874,'с.','Нова махала','PAZ03'),(51888,'с.','Нова махала','SZR38'),(51891,'с.','Нова Надежда','HKV34'),(51901,'с.','Нова Попина','SLS32'),(51929,'с.','Новачево','SLV20'),(51932,'с.','Новачене','PVN21'),(51946,'с.','Новачене','SFO07'),(51956,'с.','Нова Черна','SLS34'),(51963,'с.','Нова Шипка','VAR13'),(51977,'с.','Новград','RSE37'),(51980,'гр.','Стамболийски','PDV41'),(51994,'с.','Нови пазар','KRZ35'),(52009,'гр.','Нови пазар','SHU22'),(52012,'с.','Нови хан','SFO17'),(52026,'с.','Нови чифлик','KNL29'),(52038,'с.','Ново Ботево','DOB15'),(52043,'с.','Ново бърдо','SFO16'),(52057,'с.','Новогорци','VTR14'),(52060,'с.','Ново градище','VTR31'),(52074,'с.','Ново Делчево','BLG40'),(52088,'с.','Ново Железаре','PDV37'),(52091,'с.','Ново Кономлади','BLG33'),(52101,'с.','Ново Лески','BLG52'),(52115,'с.','Ново Оряхово','VAR13'),(52129,'с.','Ново Паничарево','BGS27'),(52132,'с.','Новосел','SHU30'),(52146,'с.','Новоселец','SLV16'),(52153,'с.','Новоселище','KRZ35'),(52177,'с.','Ново село','VTR04'),(52180,'с.','Ново село','VID30'),(52194,'с.','Ново село','KNL29'),(52218,'гр.','Априлци','LOV02'),(52221,'с.','Ново село','PDV41'),(52235,'с.','Ново село','RSE27'),(52249,'с.','Ново село','SFO39'),(52252,'с.','Ново село','SZR31'),(52279,'с.','Константиново','BGS08'),(52283,'с.','Новоселци','VID09'),(52297,'с.','Новоселяне','KNL04'),(52307,'с.','Ново Ходжово','BLG40'),(52310,'с.','Ново Янково','SHU25'),(52324,'с.','Ноевци','PER08'),(52338,'с.','Ножарево','SLS07'),(52341,'с.','Ножарово','RAZ29'),(52355,'с.','Ножерите','GAB35'),(52369,'с.','Носеите','GAB35'),(52372,'с.','Ночево','KRZ35'),(52386,'с.','Нюшковци','VTR13'),(52400,'с.','Николичевци','KNL29'),(53014,'с.','Обединение','VTR26'),(53031,'с.','Обел','BLG03'),(53045,'гр.','Обзор','BGS15'),(53059,'с.','Обидим','BLG01'),(53062,'с.','Обител','TGV22'),(53076,'с.','Обичник','KRZ21'),(53089,'с.','Обнова','PVN16'),(53093,'с.','Оборище','VAR09'),(53103,'с.','Оборище','PAZ20'),(53117,'с.','Обретеник','RSE03'),(53120,'с.','Оброчище','DOB03'),(53134,'с.','Обручище','SZR07'),(53148,'с.','Овен','SLS10'),(53151,'с.','Овощарци','GAB05'),(53165,'с.','Овощна','VTR14'),(53179,'с.','Овощник','SZR12'),(53182,'с.','Овчага','VAR24'),(53196,'с.','Овча могила','VTR28'),(53206,'с.','Овчари','KRZ15'),(53210,'с.','Овчарово','DOB15'),(53223,'с.','Овчарово','TGV35'),(53237,'с.','Овчарово','HKV33'),(53240,'с.','Овчарово','SHU30'),(53254,'с.','Овчарци','KNL41'),(53268,'с.','Овчарци','SZR27'),(53271,'с.','Овчево','KRZ08'),(53285,'с.','Овчеполци','PAZ19'),(53299,'с.','Овчи кладенец','JAM25'),(53309,'с.','Оглед','SML27'),(53312,'с.','Огнен','BGS09'),(53326,'с.','Огняново','BLG13'),(53335,'с.','Огняново','PAZ19'),(53343,'с.','Огняново','SFO17'),(53357,'с.','Огняново','DOB20'),(53374,'с.','Огоя','SFO43'),(53388,'с.','Оградна','SML18'),(53391,'с.','Огражден','DOB12'),(53401,'с.','Одоровци','MON07'),(53415,'с.','Одраница','PER19'),(53429,'с.','Одринци','HKV11'),(53432,'с.','Одринци','DOB15'),(53446,'с.','Одърне','PVN27'),(53450,'с.','Одърци','DOB15'),(53463,'с.','Озърновци','PER08'),(53477,'с.','Околиите','GAB35'),(53480,'с.','Окоп','JAM25'),(53494,'с.','Окорш','SLS10'),(53504,'с.','Оман','JAM03'),(53518,'с.','Омарчево','SLV16'),(53521,'с.','Омарчево','SHU18'),(53535,'гр.','Омуртаг','TGV22'),(53549,'с.','Оногур','DOB27'),(53552,'гр.','Опака','TGV23'),(53576,'с.','Опан','SZR23'),(53583,'с.','Опанец','PVN24'),(53597,'с.','Опанец','DOB15'),(53607,'с.','Опицвет','SFO26'),(53610,'с.','Оплетня','SFO43'),(53624,'с.','Опълченец','SZR04'),(53638,'с.','Опълченско','KRZ16'),(53641,'с.','Орач','TGV02'),(53655,'с.','Ореховица','PVN10'),(53669,'с.','Орехово','SML38'),(53672,'с.','Ореш','VTR28'),(53691,'с.','Орешак','VAR02'),(53707,'с.','Орешак','LOV34'),(53713,'с.','Орешари','KRZ15'),(53727,'с.','Ореше','BLG13'),(53730,'с.','Орешене','LOV38'),(53744,'с.','Орешене','SLS10'),(53758,'с.','Орешец','VID16'),(53761,'с.','Орешец','PDV01'),(53775,'с.','Орешец','HKV33'),(53789,'с.','Орешино','HKV11'),(53792,'с.','Орешец','SML31'),(53802,'с.','Орешник','HKV32'),(53816,'с.','Орешница','KRZ16'),(53822,'с.','Оризаре','BGS15'),(53833,'с.','Оризари','PDV26'),(53847,'с.','Оризари','SLV24'),(53850,'с.','Оризово','SZR04'),(53878,'с.','Орлица','KRZ14'),(53881,'с.','Орлова могила','DOB15'),(53895,'с.','Орлов дол','HKV32'),(53905,'с.','Орловец','VTR26'),(53919,'с.','Орлово','SLV11'),(53936,'с.','Орлово','HKV34'),(53948,'с.','Орловци','GAB05'),(53953,'с.','Орляк','DOB27'),(53967,'с.','Орляне','LOV36'),(53970,'с.','Орсоя','MON24'),(53984,'с.','Орлинци','BGS06'),(53998,'с.','Орцево','BLG02'),(54002,'с.','Оряховец','SML02'),(54016,'с.','Оряховица','SZR31'),(54020,'гр.','Оряхово','VRC31'),(54033,'с.','Оряхово','HKV17'),(54047,'с.','Оселна','VRC27'),(54050,'с.','Оселна','SFO18'),(54064,'с.','Осен','VRC21'),(54078,'с.','Осен','SLS07'),(54081,'с.','Осен','TGV35'),(54095,'с.','Осенарите','VTR04'),(54105,'с.','Осенец','RAZ26'),(54119,'с.','Осеновец','SHU07'),(54122,'с.','Осеновлаг','SFO43'),(54136,'с.','Осеново','BLG01'),(54145,'с.','Осеново','VAR02'),(54153,'с.','Осетеново','SZR24'),(54170,'с.','Осиковица','SFO34'),(54184,'с.','Осиково','BLG13'),(54198,'с.','Осиково','SML09'),(54208,'с.','Осиково','TGV24'),(54211,'с.','Осиковска Лакавица','SFO34'),(54225,'с.','Осина','BLG42'),(54242,'с.','Осларка','SZR36'),(54256,'с.','Ослен Криводол','VRC27'),(54260,'с.','Рибарци','KRZ02'),(54273,'с.','Осмар','SHU23'),(54287,'с.','Осоица','SFO10'),(54300,'с.','Остра могила','SLV11'),(54314,'с.','Остра могила','SZR31'),(54345,'с.','Острец','TGV35'),(54359,'с.','Остри пазлак','SML31'),(54362,'с.','Острица','RSE08'),(54376,'с.','Острица','SML38'),(54386,'с.','Остров','VRC31'),(54393,'с.','Островец','KRZ14'),(54403,'с.','Островица','KRZ16'),(54417,'с.','Острово','RAZ11'),(54420,'с.','Островче','RAZ26'),(54434,'с.','Острокапци','VID16'),(54448,'с.','Остър камък','HKV33'),(54451,'с.','Отец Кирилово','PDV07'),(54465,'с.','Отец Паисиево','PDV12'),(54479,'с.','Охлювец','KRZ16'),(54482,'с.','Оходен','VRC10'),(54496,'с.','Охрид','MON04'),(54506,'с.','Очиндол','VRC27'),(54517,'с.','Ошане','VID01'),(54523,'с.','Ошаните','GAB35'),(54537,'с.','Ощава','BLG28'),(54554,'с.','Очуша','SFO25'),(54821,'с.','Орех','KRZ15'),(55018,'с.','Павел','VTR26'),(55021,'гр.','Павел баня','SZR24'),(55035,'с.','Павелско','SML38'),(55049,'с.','Павлевци','GAB35'),(55052,'гр.','Павликени','VTR22'),(55070,'с.','Паволче','VRC10'),(55083,'с.','Падала','KNL38'),(55097,'с.','Падало','KRZ15'),(55107,'с.','Падеш','BLG03'),(55110,'с.','Падина','VAR14'),(55124,'с.','Падина','KRZ02'),(55138,'с.','Падина','SLS07'),(55141,'с.','Падине','PER19'),(55155,'гр.','Пазарджик','PAZ19'),(55169,'с.','Пазарци','KRZ21'),(55186,'с.','Паисиево','SLS10'),(55196,'с.','Паисий','VTR06'),(55201,'с.','Пайдушко','TGV35'),(55213,'с.','Паламарца','TGV24'),(55227,'с.','Палат','BLG49'),(55230,'с.','Палатово','KNL48'),(55244,'с.','Палаузово','JAM22'),(55258,'с.','Палилула','MON04'),(55261,'с.','Палици','VTR13'),(55275,'с.','Памидово','PAZ14'),(55289,'с.','Памукчии','SZR31'),(55292,'с.','Памукчии','SHU22'),(55302,'гр.','Панагюрище','PAZ20'),(55316,'с.','Панайот Волово','SHU30'),(55327,'с.','Панайот Хитово','TGV22'),(55333,'с.','Панаретовци','SLV20'),(55350,'с.','Паницово','BGS15'),(55364,'с.','Паничарево','KNL04'),(55378,'с.','Паничери','PDV37'),(55381,'с.','Паничино','TGV22'),(55395,'с.','Паничково','KRZ35'),(55405,'с.','Пановци','SFO20'),(55419,'с.','Панчарево','SOF46'),(55422,'с.','Панчево','KRZ16'),(55436,'с.','Папрат','KRZ08'),(55442,'с.','Папратлива','VTR13'),(55453,'с.','Парамун','PER51'),(55467,'с.','Парил','BLG52'),(55470,'с.','Партизани','VAR16'),(55484,'с.','Партизанин','SZR04'),(55498,'с.','Парчовци','GAB05'),(55508,'с.','Паскалевец','VTR22'),(55511,'с.','Паскалево','DOB15'),(55525,'с.','Паспал','KRZ02'),(55539,'с.','Пастра','KNL38'),(55542,'с.','Пастух','KNL31'),(55556,'с.','Паталеница','PAZ19'),(55568,'с.','Патица','KRZ35'),(55573,'с.','Патреш','VTR22'),(55587,'с.','Патрешко','LOV34'),(55590,'с.','Патриарх Евтимово','PDV01'),(55600,'с.','Пауново','SFO20'),(55614,'с.','Пашинци','KRZ15'),(55628,'с.','Пашкул','HKV11'),(55631,'с.','Пашови','PAZ08'),(55645,'с.','Пашово','HKV28'),(55662,'с.','Певец','TGV35'),(55676,'с.','Певците','PDV13'),(55693,'с.','Пейковци','VTR13'),(55703,'с.','Пейна','GAB12'),(55717,'с.','Пейовци','GAB05'),(55720,'с.','Пейчиново','RSE04'),(55734,'с.','Пелатиково','KNL31'),(55748,'с.','Плевун','HKV11'),(55751,'с.','Пелин','KRZ15'),(55765,'с.','Пелишат','PVN24'),(55782,'гр.','Искър','PVN23'),(55796,'с.','Пенковци','GAB05'),(55814,'с.','Пенкьовци','PER51'),(55823,'с.','Пеньово','KRZ16'),(55837,'с.','Пепелина','RSE08'),(55840,'с.','Пепелище','KRZ16'),(55868,'с.','Периловец','VID03'),(55871,'гр.','Перник','PER32'),(55885,'с.','Перперек','KRZ16'),(55899,'с.','Перуника','KRZ15'),(55909,'гр.','Перущица','PDV40'),(55912,'с.','Песнопой','KRZ02'),(55926,'с.','Песнопой','PDV12'),(55930,'с.','Песочница','MON02'),(55960,'с.','Петелово','KRZ35'),(55988,'с.','Пет кладенци','RSE04'),(55991,'с.','Петково','SML31'),(56006,'с.','Петково','SFO17'),(56011,'с.','Петковци','VTR13'),(56023,'с.','Петковци','GAB12'),(56037,'с.','Петко Славейков','GAB29'),(56040,'с.','Петлешково','DOB12'),(56054,'с.','Петлино','KRZ16'),(56068,'с.','Пет могили','SLV16'),(56071,'с.','Пет могили','SHU21'),(56085,'с.','Петокладенци','PVN03'),(56099,'с.','Петревене','LOV19'),(56109,'с.','Петрелик','BLG52'),(56112,'с.','Петрино','TGV22'),(56126,'гр.','Петрич','BLG33'),(56137,'с.','Петрич','SFO47'),(56143,'с.','Петров дол','VAR24'),(56157,'с.','Петров дол','SML16'),(56174,'с.','Петрово','BLG40'),(56188,'с.','Петрово','SZR31'),(56191,'с.','Петровци','GAB05'),(56201,'с.','Петърница','PVN11'),(56215,'с.','Петърч','SFO26'),(56229,'с.','Пецовци','GAB05'),(56232,'с.','Печеница','RAZ14'),(56246,'с.','Печинска','SML16'),(56252,'с.','Пешаково','VID09'),(56277,'гр.','Пещера','PAZ21'),(56280,'с.','Пещера','PER19'),(56294,'с.','Пещера','SML31'),(56304,'с.','Генчовци','GAB35'),(56318,'с.','Пещерна','LOV19'),(56321,'с.','Пещерско','BGS01'),(56335,'с.','Буково','PDV23'),(56349,'с.','Пиперево','KNL48'),(56352,'с.','Пиперица','BLG40'),(56366,'с.','Пиперково','RSE37'),(56378,'с.','Пиперков чифлик','KNL29'),(56383,'с.','Пирамидата','VTR04'),(56397,'с.','Пиргово','RSE13'),(56407,'гр.','Пирдоп','SFO55'),(56410,'с.','Пирин','BLG40'),(56424,'с.','Пиринец','TGV02'),(56438,'с.','Пирне','BGS01'),(56441,'с.','Писанец','RSE05'),(56455,'с.','Писаница','SML31'),(56472,'с.','Писарево','VTR06'),(56486,'с.','Писарево','SHU22'),(56493,'с.','Писарово','PVN23'),(56509,'с.','Писарово','DOB12'),(56513,'с.','Писменово','BGS27'),(56527,'с.','Питово','SLV16'),(56544,'с.','Пишурка','MON26'),(56558,'с.','Пищане','SFO45'),(56561,'с.','Пищигово','PAZ19'),(56575,'с.','Пиявец','KRZ21'),(56589,'с.','Плазище','KRZ08'),(56602,'с.','Плаково','VTR04'),(56616,'с.','Плакудер','VID09'),(56624,'с.','Плана','SOF46'),(56633,'с.','Планинец','HKV11'),(56647,'с.','Планиница','BGS18'),(56650,'с.','Планиница','PER32'),(56664,'с.','Планиново','HKV32'),(56678,'с.','Планинци','GAB35'),(56681,'с.','Планинци','SML16'),(56695,'с.','Плачидол','DOB15'),(56705,'с.','Плачка','GAB12'),(56719,'гр.','Плачковци','GAB35'),(56722,'гр.','Плевен','PVN24'),(56736,'с.','Пленимир','DOB12'),(56740,'с.','Плетена','BLG42'),(56753,'с.','Плешивец','VID33'),(56767,'с.','Плешинци','KRZ21'),(56770,'гр.','Плиска','SHU19'),(56784,'гр.','Пловдив','PDV22'),(56798,'с.','Пловдивци','SML27'),(56808,'с.','Пловка','KRZ14'),(56811,'с.','Плодовитово','SZR04'),(56825,'с.','Плоска могила','SZR31'),(56839,'с.','Плоски','BLG40'),(56842,'с.','Плъзище','SFO56'),(56856,'с.','Плъстина','TGV22'),(56865,'с.','Победа','PVN10'),(56873,'с.','Победа','JAM25'),(56887,'с.','Побит камък','KNL50'),(56890,'с.','Побит камък','RAZ26'),(56900,'с.','Побък','GAB35'),(56914,'с.','Повалиръж','SFO45'),(56928,'с.','Повет','KRZ16'),(56945,'с.','Подайва','RAZ14'),(56959,'с.','Подвис','BGS23'),(56962,'с.','Подвис','SML31'),(56976,'с.','Подвръх','KRZ08'),(56980,'с.','Подгоре','VID25'),(56993,'с.','Подгорие','SFO25'),(57008,'с.','Подгорица','TGV35'),(57011,'с.','Подгумер','SOF46'),(57025,'с.','Подем','PVN10'),(57039,'с.','Подкова','KRZ14'),(57042,'с.','Подкрепа','HKV34'),(57056,'с.','Подлес','SLS07'),(57062,'с.','Подрумче','KRZ15'),(57073,'с.','Подслон','SZR31'),(57087,'с.','Подслон','DOB15'),(57090,'с.','Пожарево','SLS34'),(57100,'с.','Пожарево','SFO06'),(57114,'с.','Пожерник','VTR04'),(57128,'с.','Поибрене','PAZ20'),(57131,'с.','Покрайна','VID09'),(57145,'с.','Покрован','HKV11'),(57159,'с.','Покровник','BLG03'),(57162,'с.','Полена','BLG44'),(57176,'с.','Поленица','BLG40'),(57188,'с.','Полетинци','KNL29'),(57193,'с.','Полетковци','VID22'),(57203,'с.','Полето','BLG44'),(57217,'с.','Поликраище','VTR06'),(57234,'с.','Полковник Дяково','DOB20'),(57248,'с.','Полковник Желязово','KRZ15'),(57251,'с.','Полковник Ламбриново','SLS31'),(57265,'с.','Полковник Савово','DOB27'),(57279,'с.','Полковник Свещарово','DOB15'),(57282,'с.','Полковник Серафимово','SML31'),(57296,'с.','Полковник Таслаково','SLS10'),(57306,'с.','Полковник Чолаково','SLS15'),(57319,'с.','Полска Скакавица','KNL29'),(57323,'с.','Полски Градец','SZR27'),(57337,'с.','Полски извор','BGS08'),(57340,'с.','Полски Сеновец','VTR26'),(57354,'гр.','Полски Тръмбеш','VTR26'),(57368,'с.','Полско Косово','RSE04'),(57371,'с.','Полско Пъдарево','SLV16'),(57385,'с.','Поляна','SLS32'),(57399,'с.','Поляна','SML27'),(57409,'с.','Поляна','JAM22'),(57412,'с.','Полянец','KRZ08'),(57426,'с.','Поляново','BGS01'),(57434,'с.','Поляново','HKV33'),(57443,'с.','Полянци','SFO20'),(57457,'с.','Поляците','VAR16'),(57474,'с.','Помеждин','MON14'),(57488,'с.','Помен','RSE08'),(57491,'гр.','Поморие','BGS17'),(57501,'с.','Помощица','TGV24'),(57515,'с.','Помощник','SZR07'),(57529,'с.','Понор','SFO26'),(57532,'с.','Попари','GAB05'),(57546,'с.','Попгергевци','GAB35'),(57550,'с.','Попгригорово','DOB15'),(57563,'с.','Попгруево','DOB27'),(57577,'с.','Попина','SLS32'),(57580,'с.','Попинци','PAZ20'),(57594,'с.','Попица','VRC08'),(57604,'с.','Попкралево','SLS31'),(57618,'с.','Поповец','HKV30'),(57621,'с.','Поповица','PDV28'),(57635,'с.','Попович','VAR05'),(57649,'гр.','Попово','TGV24'),(57652,'с.','Попово','JAM03'),(57666,'с.','Поповци','VTR04'),(57675,'с.','Поповци','GAB05'),(57683,'с.','Поповци','SFO20'),(57697,'с.','Поповяне','SFO39'),(57707,'с.','Попрайковци','GAB35'),(57710,'с.','Попрелка','SML31'),(57724,'с.','Попрусаново','SLS15'),(57738,'с.','Попрусевци','VTR13'),(57741,'с.','Попска','VTR13'),(57755,'с.','Попска','GAB29'),(57769,'с.','Попско','HKV11'),(57772,'гр.','Пордим','PVN27'),(57790,'с.','Порой','BGS17'),(57806,'с.','Поройна','PDV23'),(57813,'с.','Поройно','SLS10'),(57827,'с.','Поройно','TGV02'),(57830,'с.','Пороминово','KNL27'),(57844,'с.','Портитовци','MON04'),(57858,'с.','Поручик Кърджиево','DOB20'),(57861,'с.','Поручик Чунчево','DOB17'),(57875,'с.','Посабина','TGV24'),(57889,'с.','Посев','SLS15'),(57892,'с.','Постник','KRZ21'),(57916,'с.','Потока','SML31'),(57921,'с.','Потоп','SFO17'),(57933,'с.','Поточарка','KRZ15'),(57947,'с.','Поточе','KRZ08'),(57950,'с.','Поточница','KRZ15'),(57964,'с.','Поцърненци','PER36'),(57981,'с.','Правда','VTR06'),(57995,'с.','Правда','SLS10'),(58003,'с.','Правдино','JAM22'),(58013,'с.','Правдолюб','KRZ02'),(58027,'с.','Правенци','SHU22'),(58030,'гр.','Правец','SFO34'),(58044,'с.','Правешка Лакавица','SFO34'),(58058,'с.','Правище','PDV33'),(58061,'с.','Право бърдо','BLG33'),(58075,'с.','Православ','SZR04'),(58089,'с.','Православен','PDV23'),(58092,'с.','Праужда','VID01'),(58102,'с.','Прахали','GAB05'),(58116,'с.','Превала','MON36'),(58129,'с.','Преколница','KNL29'),(58133,'с.','Прекръсте','SFO16'),(58147,'с.','Прелез','RAZ11'),(58150,'с.','Прелом','LOV18'),(58178,'с.','Пресека','KRZ14'),(58181,'с.','Преселенци','DOB12'),(58195,'с.','Преселец','TGV35'),(58205,'с.','Преселка','SHU22'),(58219,'с.','Пресиян','TGV35'),(58222,'гр.','Велики Преслав','SHU23'),(58236,'с.','Преславен','SZR31'),(58244,'с.','Преславец','HKV33'),(58253,'с.','Преславци','SLS34'),(58267,'с.','Преспа','SFO56'),(58270,'с.','Преспа','DOB03'),(58284,'с.','Престой','GAB35'),(58298,'с.','Пресяк','TGV35'),(58308,'с.','Пресяка','LOV18'),(58311,'с.','Прибой','PER36'),(58325,'с.','Прилеп','BGS23'),(58339,'с.','Прилеп','DOB15'),(58342,'с.','Прилепци','KRZ16'),(58356,'гр.','Приморско','BGS27'),(58360,'с.','Приморци','DOB15'),(58373,'с.','Припек','VAR02'),(58387,'с.','Припек','KRZ08'),(58390,'с.','Генерал Тодоров','BLG33'),(58400,'с.','Присад','BGS21'),(58414,'с.','Присад','DOB12'),(58428,'с.','Присадец','HKV32'),(58431,'с.','Приселци','BGS15'),(58445,'с.','Приселци','VAR01'),(58459,'с.','Присово','VTR04'),(58476,'с.','Присойна','TGV02'),(58485,'с.','Пристое','SHU18'),(58493,'с.','Пробуда','TGV35'),(58503,'гр.','Провадия','VAR24'),(58517,'с.','Проглед','SML38'),(58520,'с.','Продановци','VTR04'),(58548,'с.','Продановци','SFO39'),(58551,'с.','Проданча','PER51'),(58579,'с.','Пролаз','TGV35'),(58582,'с.','Пролазница','VID01'),(58596,'с.','Пролез','DOB29'),(58606,'с.','Пролеша','SFO06'),(58616,'с.','Пролом','PDV13'),(58623,'с.','Пропаст','KRZ16'),(58637,'с.','Просена','RSE27'),(58640,'с.','Просеник','BGS18'),(58654,'с.','Просечен','VAR26'),(58668,'с.','Просторно','RAZ26'),(58671,'с.','Протопопинци','VID37'),(58685,'с.','Професор Златарски','DOB27'),(58699,'с.','Професор Иширково','SLS31'),(58709,'с.','Прохлада','SLS10'),(58712,'с.','Проход','BGS06'),(58726,'с.','Прохорово','SLV16'),(58731,'с.','Пряпорец','KRZ35'),(58743,'с.','Пряпорец','SZR31'),(58757,'с.','Птичар','KRZ21'),(58774,'с.','Птичево','TGV22'),(58788,'с.','Пудрия','VRC21'),(58791,'с.','Пушево','VTR04'),(58801,'с.','Пчела','JAM07'),(58815,'с.','Пчелари','HKV30'),(58829,'с.','Пчеларово','KRZ35'),(58832,'с.','Пчеларово','DOB12'),(58857,'с.','Пчелин','BGS23'),(58863,'с.','Пчелин','SFO25'),(58877,'с.','Пчелина','RAZ29'),(58880,'с.','Пчелино','DOB15'),(58894,'с.','Пчелиново','SZR37'),(58918,'с.','Пчелище','VTR04'),(58921,'с.','Пчелник','VAR13'),(58935,'с.','Пчелник','DOB15'),(58949,'с.','Пчелно','TGV02'),(58952,'с.','Пшеничево','SZR31'),(58966,'с.','Пъдарево','SLV11'),(58972,'с.','Пъдарино','TGV22'),(58983,'с.','Пъдарско','PDV07'),(58997,'с.','Пъдарци','KRZ16'),(59015,'с.','Пънчево','BGS06'),(59029,'с.','Първан','TGV22'),(59032,'с.','Първенец','PDV26'),(59046,'с.','Първенец','JAM22'),(59054,'с.','Първенци','KRZ14'),(59063,'с.','Първица','KRZ14'),(59077,'с.','Първомай','BLG33'),(59080,'гр.','Първомай','PDV23'),(59094,'с.','Първомайци','VTR06'),(59104,'с.','Пържиграх','GAB35'),(59118,'с.','Пърличево','MON02'),(59121,'с.','Пъровци','VTR04'),(59135,'с.','Пъртевци','GAB05'),(59152,'с.','Пърша','GAB12'),(59166,'с.','Пъстрен','SZR23'),(59170,'с.','Пъстрово','SZR31'),(59183,'с.','Пъстрогор','HKV28'),(59197,'с.','Пъстроок','HKV11'),(59207,'с.','Пътниково','HKV30'),(59210,'с.','Пясъчево','HKV29'),(59224,'с.','Побит камък','PAZ39'),(59300,'с.','Продановци','GAB05'),(59313,'с.','Планинско','SML02'),(59327,'с.','Поток','GAB05'),(59330,'с.','Палатик','BLG02'),(59344,'с.','Пресока','SML11'),(59358,'с.','Паничище','KNL41'),(59361,'с.','Прогрес','KRZ21'),(59375,'с.','Панагюрски колонии','PAZ20'),(59402,'с.','Полковник Минково','DOB15'),(59416,'с.','Пороище','RAZ26'),(61011,'с.','Рабиша','VID01'),(61025,'с.','Рабово','HKV30'),(61039,'с.','Раброво','VID03'),(61042,'с.','Равадиново','BGS21'),(61056,'с.','Равда','BGS15'),(61063,'с.','Равен','KRZ21'),(61073,'с.','Равна','VAR24'),(61090,'с.','Равна','MON36'),(61100,'с.','Равна','SFO09'),(61114,'с.','Равна гора','BGS21'),(61128,'с.','Равна гора','VAR01'),(61131,'с.','Равна гора','HKV28'),(61145,'с.','Равнец','BGS04'),(61159,'с.','Равнец','DOB12'),(61162,'с.','Равнил','SML16'),(61176,'с.','Равнища','SML16'),(61189,'с.','Равнище','SFO34'),(61193,'с.','Равнината','SML27'),(61203,'с.','Равно','RAZ16'),(61217,'с.','Равново','VTR14'),(61220,'с.','Равногор','PAZ06'),(61234,'с.','Равно нивище','SML16'),(61248,'с.','Равно поле','SFO17'),(61251,'с.','Равно село','TGV02'),(61265,'с.','Радан войвода','VAR09'),(61279,'с.','Раданово','VTR26'),(61296,'с.','Раданчето','GAB12'),(61306,'с.','Радево','VAR02'),(61310,'с.','Радево','SLV16'),(61323,'с.','Радевци','GAB35'),(61340,'с.','Радецки','SLV16'),(61354,'с.','Радибош','PER36'),(61368,'с.','Радиево','HKV09'),(61371,'с.','Радилово','PAZ21'),(61385,'с.','Радинград','RAZ26'),(61409,'с.','Радино','GAB35'),(61412,'с.','Радиново','PDV17'),(61426,'с.','Радишево','PVN24'),(61435,'с.','Радковци','VTR04'),(61443,'с.','Радко Димитриево','SHU30'),(61457,'с.','Радловци','KNL29'),(61460,'гр.','Раднево','SZR27'),(61488,'с.','Радовене','VRC32'),(61491,'с.','Радовец','HKV32'),(61501,'с.','Радово','PER51'),(61515,'с.','Радовци','VTR13'),(61529,'с.','Радовци','GAB12'),(61546,'с.','Радоевци','GAB35'),(61563,'с.','Радойново','BGS06'),(61577,'гр.','Радомир','PER36'),(61580,'с.','Радомирци','PVN37'),(61594,'с.','Радотина','SFO07'),(61604,'с.','Радуил','SFO39'),(61618,'с.','Радуй','PER32'),(61621,'с.','Радуловци','SFO45'),(61635,'с.','Радунци','SZR22'),(61649,'с.','Раевци','GAB35'),(61652,'с.','Разбоище','SFO09'),(61666,'с.','Разбойна','BGS18'),(61676,'с.','Разбойна','TGV35'),(61697,'с.','Развигорово','SHU11'),(61707,'с.','Разград','MON11'),(61710,'гр.','Разград','RAZ26'),(61724,'с.','Раздел','SLS10'),(61738,'с.','Раздел','JAM07'),(61741,'с.','Разделна','VAR04'),(61755,'с.','Разделна','SZR07'),(61769,'с.','Разделци','TGV02'),(61772,'с.','Раздол','BLG49'),(61791,'с.','Княжевско','SZR23'),(61807,'с.','Разлив','SFO34'),(61813,'гр.','Разлог','BLG37'),(61830,'с.','Разсоха','VTR14'),(61844,'с.','Райкова могила','HKV28'),(61861,'с.','Райковци','VTR04'),(61875,'с.','Райнино','RAZ14'),(61889,'с.','Райново','HKV09'),(61892,'с.','Райновци','VTR13'),(61902,'с.','Райновци','GAB05'),(61916,'с.','Райнушковци','GAB35'),(61922,'с.','Райово','SFO39'),(61933,'с.','Ракево','VRC21'),(61947,'с.','Ракиловци','PER22'),(61950,'с.','Ракита','PVN37'),(61964,'с.','Ракита','SFO45'),(61978,'с.','Ракитна','BLG44'),(61995,'с.','Ракитница','SZR31'),(62004,'гр.','Ракитово','PAZ24'),(62013,'с.','Раклиново','BGS01'),(62027,'с.','Раклица','BGS09'),(62044,'с.','Раковица','VID25'),(62058,'с.','Раково','KNL31'),(62061,'с.','Раково','SLV20'),(62075,'гр.','Раковски','PDV25'),(62089,'с.','Раковски','RAZ26'),(62092,'с.','Раковски','DOB17'),(62102,'с.','Раковсково','BGS15'),(62116,'с.','Ралево','PVN24'),(62120,'с.','Ралевци','GAB35'),(62133,'с.','Ралиновци','VTR13'),(62147,'с.','Ралица','KRZ21'),(62164,'с.','Ралица','TGV35'),(62178,'с.','Раличево','KRZ15'),(62181,'с.','Раненци','KNL29'),(62195,'с.','Рани лист','KRZ16'),(62205,'с.','Рани луг','PER51'),(62219,'с.','Расник','PER32'),(62222,'с.','Расово','MON26'),(62236,'с.','Растник','KRZ14'),(62245,'с.','Раховци','GAB05'),(62253,'с.','Рачевци','GAB05'),(62267,'с.','Рачовци','GAB35'),(62270,'с.','Рашевци','VTR04'),(62284,'с.','Рашка Гращица','KNL31'),(62298,'с.','Рашково','SFO07'),(62308,'с.','Рашовите','GAB35'),(62311,'с.','Рашовица','MON02'),(62325,'с.','Раювци','VTR13'),(62339,'с.','Раяновци','VID01'),(62342,'с.','Раяновци','SFO16'),(62356,'с.','Раянци','PER19'),(62360,'с.','Ребревци','VTR13'),(62373,'с.','Ребро','PER08'),(62387,'с.','Реброво','SFO43'),(62390,'с.','Ребърково','VRC27'),(62400,'с.','Редешковци','GAB05'),(62414,'с.','Редина','SFO43'),(62428,'с.','Режинци','KNL29'),(62431,'с.','Резач','VTR14'),(62445,'с.','Резбарци','KRZ16'),(62459,'с.','Резово','BGS13'),(62462,'с.','Река','SML31'),(62476,'с.','Рекичка','VTR14'),(62486,'с.','Рельово','SFO39'),(62493,'с.','Репляна','VID37'),(62503,'с.','Реселец','PVN37'),(62517,'с.','Ресен','VTR04'),(62520,'с.','Ресилово','KNL41'),(62534,'с.','Речани','SML31'),(62548,'с.','Речица','BGS18'),(62565,'с.','Реяновци','PER51'),(62579,'с.','Рибарица','LOV33'),(62582,'с.','Рибарица','SFO18'),(62596,'с.','Рибен','PVN10'),(62606,'с.','Рибен дол','SML02'),(62617,'с.','Рибино','KRZ15'),(62623,'с.','Рибник','BLG33'),(62637,'с.','Рибница','SML27'),(62640,'с.','Рибново','BLG13'),(62654,'с.','Ридино','KRZ08'),(62668,'с.','Ридово','KRZ16'),(62671,'гр.','Рила','KNL38'),(62685,'ман.','Рилски манастир','KNL38'),(62699,'с.','Рилци','BLG03'),(62712,'с.','Рисиманово','SZR27'),(62726,'с.','Ритя','GAB12'),(62732,'с.','Риш','SHU25'),(62757,'с.','Робово','JAM25'),(62760,'с.','Ровина','SML31'),(62774,'с.','Рогач','KRZ15'),(62788,'с.','Рогачево','DOB03'),(62791,'с.','Роглец','VID33'),(62801,'с.','Рогозари','KRZ08'),(62815,'с.','Рогозен','VRC35'),(62829,'с.','Рогозина','DOB12'),(62832,'с.','Рогозиново','HKV33'),(62846,'с.','Рогозче','KRZ08'),(62858,'с.','Рогош','PDV17'),(62877,'с.','Родина','VTR14'),(62880,'с.','Родопи','HKV34'),(62894,'с.','Родопско','KRZ02'),(62904,'с.','Рожден','BGS18'),(62918,'с.','Рожен','BLG40'),(62921,'с.','Роза','JAM25'),(62935,'с.','Розино','HKV11'),(62949,'с.','Розино','PDV13'),(62966,'с.','Розовец','PDV07'),(62973,'с.','Розово','PAZ06'),(62983,'с.','Розово','SZR12'),(62997,'гр.','Роман','VRC32'),(63001,'с.','Ропот','SFO09'),(63015,'с.','Атия','BGS21'),(63029,'с.','Росен','BGS21'),(63032,'с.','Росен','PAZ19'),(63046,'с.','Росен','DOB12'),(63055,'с.','Росеново','BGS06'),(63063,'с.','Росеново','DOB15'),(63077,'с.','Росина','TGV35'),(63080,'с.','Росица','VTR22'),(63094,'с.','Росица','DOB12'),(63104,'с.','Росица','TGV22'),(63118,'с.','Росно','VTR14'),(63121,'с.','Росоман','SFO06'),(63135,'с.','Рояк','VAR16'),(63149,'с.','Лозен','SZR31'),(63152,'с.','Рударци','PER32'),(63166,'с.','Рудина','BGS18'),(63170,'с.','Рудина','KRZ16'),(63197,'с.','Рудник','VAR13'),(63207,'гр.','Рудозем','SML27'),(63210,'с.','Руевци','GAB35'),(63224,'с.','Руен','BGS18'),(63238,'с.','Руен','PDV42'),(63241,'с.','Руец','TGV35'),(63255,'с.','Ружинци','VID33'),(63269,'с.','Ружица','SHU21'),(63272,'с.','Ружица','JAM03'),(63286,'с.','Руйно','SLS10'),(63296,'с.','Руйчовци','GAB05'),(63301,'с.','Руманя','SZR31'),(63313,'с.','Румелия','HKV18'),(63327,'с.','Румянцево','LOV19'),(63330,'с.','Руня','GAB12'),(63344,'с.','Рупките','SZR36'),(63358,'с.','Рупци','VID09'),(63361,'с.','Рупци','PVN37'),(63375,'с.','Рупча','BGS18'),(63392,'с.','Русалина','KRZ35'),(63402,'с.','Русалско','KRZ02'),(63416,'с.','Русаля','VTR04'),(63427,'гр.','Русе','RSE27'),(63447,'с.','Русиновци','GAB12'),(63450,'с.','Руска Бела','VRC27'),(63464,'с.','Русковци','VTR04'),(63478,'с.','Русокастро','BGS08'),(63481,'с.','Рустан','SML16'),(63495,'с.','Руховци','VTR13'),(63505,'с.','Ручей','KRZ15'),(63519,'с.','Ръжавец','PER08'),(63522,'с.','Ръжана','SFO20'),(63536,'с.','Раждавица','KNL29'),(63542,'с.','Ръждак','BLG33'),(63553,'с.','Ръжево','PDV12'),(63567,'с.','Ръжево Конаре','PDV12'),(63570,'с.','Ръжена','SZR12'),(63584,'с.','Ръженово','HKV18'),(63598,'с.','Ръжица','BGS18'),(63608,'с.','Ръсово','KNL29'),(63611,'с.','Рът','KRZ08'),(63639,'с.','Рътлина','TGV22'),(63668,'с.','Ряхово','RSE33'),(63673,'с.','Ряховците','GAB29'),(63687,'с.','Рохлева','PAZ08'),(63690,'с.','Рязковци','GAB05'),(63700,'с.','Ракитница','VID06'),(63714,'с.','Рожденско','KRZ08'),(65019,'с.','Сава','VAR16'),(65022,'с.','Савин','RAZ16'),(65036,'с.','Савино','JAM25'),(65047,'с.','Савойски','KNL29'),(65067,'с.','Садина','TGV24'),(65070,'с.','Садовец','PVN11'),(65084,'с.','Садовик','PER08'),(65098,'с.','Садовица','KRZ21'),(65108,'с.','Садово','BLG52'),(65111,'с.','Садово','BGS23'),(65125,'с.','Садово','VAR01'),(65139,'гр.','Садово','PDV28'),(65142,'с.','Сажденик','KNL29'),(65156,'с.','Сакарци','HKV32'),(65162,'с.','Саласука','GAB12'),(65173,'с.','Салаш','VID01'),(65187,'с.','Салманово','SHU30'),(65190,'с.','Самовила','KRZ15'),(65200,'с.','Самоводене','VTR04'),(65214,'с.','Самодива','KRZ14'),(65228,'с.','Самокитка','KRZ14'),(65231,'гр.','Самоков','SFO39'),(65245,'с.','Самораново','KNL48'),(65259,'с.','Самотино','VAR05'),(65262,'с.','Самсиите','VTR04'),(65276,'с.','Самуил','RAZ29'),(65288,'с.','Самуилова крепост','BLG33'),(65293,'с.','Самуилово','BLG33'),(65303,'с.','Самуилово','SLV20'),(65317,'с.','Самуилово','SZR31'),(65320,'с.','Санадиново','PVN21'),(65334,'гр.','Сандански','BLG40'),(65348,'с.','Сандрово','RSE27'),(65351,'с.','Сан-Стефано','BGS09'),(65365,'гр.','Сапарева баня','KNL41'),(65379,'с.','Сапарево','KNL41'),(65396,'с.','Сараево','VRC28'),(65406,'с.','Саранско','JAM22'),(65419,'с.','Саранци','SFO10'),(65437,'с.','Сарая','PAZ19'),(65440,'с.','Сатовча','BLG42'),(65454,'с.','Сбор','KRZ15'),(65468,'с.','Сбор','PAZ19'),(65471,'с.','Петко Каравелово','VTR26'),(65485,'с.','Сборино','HKV11'),(65499,'с.','Сборище','SLV24'),(65509,'с.','Сваленик','RSE13'),(65512,'с.','Сватбаре','KRZ16'),(65526,'с.','Свежен','PDV07'),(65534,'с.','Света Петка','PAZ08'),(65543,'с.','Свети Никола','DOB17'),(65557,'с.','Светлен','TGV24'),(65560,'с.','Светлина','BGS06'),(65574,'с.','Светлина','HKV09'),(65588,'с.','Светлина','HKV32'),(65591,'с.','Светля','PER22'),(65601,'с.','Световрачене','SOF46'),(65615,'с.','Светослав','SLS15'),(65629,'с.','Светослав','HKV30'),(65632,'с.','Светославци','VTR13'),(65646,'с.','Светулка','KRZ02'),(65650,'с.','Свещари','RAZ14'),(65663,'с.','Свидня','SFO43'),(65677,'гр.','Свиленград','HKV28'),(65680,'с.','Свинарски дол','GAB05'),(65704,'с.','Свирачи','HKV11'),(65721,'с.','Свирково','HKV29'),(65735,'с.','Свирци','GAB35'),(65752,'с.','Свирчово','TGV02'),(65766,'гр.','Свищов','VTR28'),(65783,'с.','Свобода','BGS08'),(65797,'с.','Свобода','KRZ21'),(65807,'с.','Свобода','PAZ32'),(65810,'с.','Свобода','SZR36'),(65824,'с.','Свобода','DOB15'),(65838,'с.','Свободен','SZR27'),(65841,'с.','Свободиново','KRZ35'),(65855,'с.','Свободица','TGV02'),(65869,'гр.','Своге','SFO43'),(65872,'с.','Своде','SFO34'),(65886,'с.','Севар','RAZ16'),(65890,'с.','Севдалина','KRZ16'),(65906,'с.','Северняк','DOB20'),(65913,'с.','Северци','DOB20'),(65927,'гр.','Севлиево','GAB29'),(65930,'с.','Седелец','BLG49'),(65944,'с.','Седефче','KRZ21'),(65958,'с.','Седларево','SLV11'),(65961,'с.','Седлари','KRZ21'),(65975,'с.','Седловина','KRZ16'),(65989,'с.','Седянковци','GAB05'),(65992,'с.','Сейдол','RAZ17'),(66007,'с.','Сейковци','GAB05'),(66010,'с.','Сеймените','VTR04'),(66024,'с.','Секирка','KRZ14'),(66038,'с.','Секулово','SLS10'),(66041,'с.','Селиминово','SLV20'),(66055,'с.','Селище','BLG03'),(66069,'с.','Селище','SML31'),(66072,'с.','Селищен дол','PER32'),(66086,'с.','Селска поляна','HKV18'),(66103,'с.','Селце','SZR22'),(66113,'с.','Селце','DOB17'),(66127,'с.','Селци','PDV28'),(66130,'с.','Селча','SML09'),(66144,'с.','Селянин','SFO20'),(66158,'с.','Семерджиево','RSE27'),(66161,'с.','Семерджиите','GAB05'),(66175,'с.','Семерци','TGV02'),(66189,'с.','Семковци','VTR04'),(66202,'с.','Семчиново','PAZ29'),(66216,'с.','Сенник','GAB29'),(66229,'гр.','Сеново','RSE05'),(66233,'с.','Сеноклас','HKV18'),(66247,'с.','Сенокос','BLG44'),(66250,'с.','Сенокос','DOB03'),(66264,'гр.','Септември','PAZ29'),(66278,'с.','Септемврийци','VID16'),(66281,'с.','Септемврийци','DOB17'),(66295,'с.','Сеслав','RAZ16'),(66319,'с.','Сестримо','PAZ04'),(66322,'с.','Богородица','BLG33'),(66336,'с.','Сестринско','KRZ16'),(66344,'с.','Сечен камък','GAB35'),(66353,'с.','Сечище','SHU22'),(66370,'с.','Сива река','HKV28'),(66384,'с.','Сивино','SML31'),(66398,'с.','Сив кладенец','HKV11'),(66408,'с.','Сигмен','BGS09'),(66411,'с.','Силен','HKV30'),(66425,'гр.','Силистра','SLS31'),(66439,'с.','Симеоновец','PAZ29'),(66442,'с.','Цар Симеоново','VID09'),(66456,'с.','Симеоново','JAM25'),(66460,'гр.','Симитли','BLG44'),(66473,'с.','Синаговци','VID09'),(66487,'с.','Синапово','HKV32'),(66490,'с.','Синдел','VAR01'),(66500,'с.','Синделци','KRZ21'),(66528,'с.','Синеморец','BGS13'),(66531,'с.','Сини вир','SHU18'),(66545,'с.','Синигер','KRZ15'),(66559,'с.','Синитово','PAZ19'),(66562,'с.','Синчец','KRZ02'),(66576,'с.','Синьо бърдо','VRC32'),(66585,'с.','Синьо камене','BGS06'),(66593,'с.','Синя вода','RAZ17'),(66603,'с.','Сипей','KRZ16'),(66617,'с.','Сираково','VRC05'),(66620,'с.','Сираково','DOB12'),(66634,'с.','Сираково','HKV19'),(66648,'с.','Сирищник','PER22'),(66651,'с.','Ситово','PDV26'),(66665,'с.','Ситово','SLS32'),(66679,'с.','Ситово','JAM03'),(66682,'с.','Скала','BGS23'),(66696,'с.','Скала','SLS10'),(66706,'с.','Скалак','BGS18'),(66716,'с.','Скалак','KRZ15'),(66723,'с.','Скалина','KRZ08'),(66737,'с.','Скалица','JAM25'),(66740,'с.','Скалище','KRZ16'),(66754,'с.','Скална глава','KRZ16'),(66768,'с.','Скалско','GAB12'),(66771,'с.','Скандалото','LOV02'),(66785,'с.','Склаве','BLG40'),(66799,'с.','Скобелево','LOV18'),(66809,'с.','Скобелево','PDV26'),(66812,'с.','Скобелево','SLV20'),(66826,'с.','Скобелево','SZR24'),(66831,'с.','Скобелево','HKV09'),(66843,'с.','Скомля','VID16'),(66857,'с.','Скорците','GAB35'),(66860,'с.','Скравена','SFO07'),(66874,'с.','Скребатно','BLG13'),(66888,'с.','Скрино','KNL05'),(66891,'с.','Скриняно','KNL29'),(66901,'с.','Скрът','BLG33'),(66915,'с.','Скутаре','PDV17'),(66929,'с.','Скърбино','KRZ16'),(66932,'с.','Славеево','HKV11'),(66946,'с.','Славеево','DOB15'),(66957,'с.','Славейно','SML31'),(66963,'с.','Славейково','VAR24'),(66977,'с.','Славейково','GAB12'),(66980,'с.','Славейково','JAM07'),(67009,'с.','Славовица','PAZ29'),(67012,'с.','Славовица','PVN10'),(67043,'с.','Славотин','MON29'),(67057,'с.','Славщица','LOV36'),(67060,'с.','Славяни','LOV18'),(67074,'с.','Славянин','SZR04'),(67088,'гр.','Славяново','PVN24'),(67091,'с.','Славяново','TGV24'),(67101,'с.','Славяново','HKV33'),(67115,'с.','Славянци','BGS23'),(67129,'с.','Сладка вода','VAR16'),(67132,'с.','Сладкодум','KRZ15'),(67146,'с.','Сладун','HKV28'),(67154,'с.','Сладък кладенец','SZR31'),(67163,'с.','Слаковци','PER08'),(67177,'с.','Сламино','JAM25'),(67180,'с.','Слана бара','VID09'),(67194,'с.','Сланотрън','VID09'),(67218,'с.','Слатина','LOV18'),(67221,'с.','Слатина','MON02'),(67235,'с.','Слатина','PDV13'),(67249,'с.','Слатина','SLS32'),(67252,'с.','Слатино','KNL05'),(67266,'с.','Слатино','PER22'),(67270,'с.','Слащен','BLG42'),(67283,'с.','Сливак','SHU11'),(67297,'с.','Сливарка','KRZ15'),(67307,'с.','Сливарово','BGS12'),(67310,'с.','Сливата','MON24'),(67324,'с.','Сливек','LOV18'),(67338,'гр.','Сливен','SLV20'),(67341,'с.','Сливито','SZR22'),(67355,'с.','Сливка','SML02'),(67369,'с.','Сливница','BLG28'),(67372,'гр.','Сливница','SFO45'),(67386,'с.','Сливовик','MON26'),(67395,'с.','Сливовица','VTR14'),(67400,'с.','Сливовник','VID01'),(67413,'с.','Сливово','BGS06'),(67427,'с.','Сливово','GAB35'),(67430,'с.','Сливово','SML31'),(67444,'гр.','Сливо поле','RSE33'),(67458,'с.','Слишовци','PER51'),(67461,'с.','Слокощица','KNL29'),(67475,'с.','Сломер','VTR22'),(67489,'с.','Слънчево','VAR02'),(67492,'с.','Слънчовец','TGV02'),(67502,'с.','Слънчоглед','KRZ08'),(67516,'с.','Смилец','PAZ32'),(67526,'с.','Смилец','SLS31'),(67533,'с.','Смиловци','GAB05'),(67547,'с.','Смилян','SML31'),(67550,'с.','Смин','DOB29'),(67564,'с.','Смирненски','MON07'),(67578,'с.','Смирненски','RSE05'),(67581,'с.','Смирненци','HKV33'),(67595,'с.','Смиров дол','PER19'),(67619,'с.','Смоличано','KNL31'),(67622,'с.','Смолница','DOB15'),(67636,'с.','Смолско','SFO56'),(67641,'с.','Смолча','SFO09'),(67653,'гр.','Смолян','SML31'),(67667,'с.','Смоляновци','MON29'),(67670,'с.','Смочан','LOV18'),(67698,'с.','Смочево','KNL38'),(67708,'гр.','Смядово','SHU25'),(67725,'с.','Снежа','BGS18'),(67739,'с.','Снежина','VAR24'),(67742,'с.','Снежинка','KRZ16'),(67756,'с.','Сноп','DOB12'),(67767,'с.','Снягово','BGS18'),(67773,'с.','Снягово','DOB12'),(67787,'с.','Совата','VTR28'),(67790,'с.','Соволяно','KNL29'),(67800,'гр.','Созопол','BGS21'),(67828,'с.','Сокол','SLS07'),(67831,'с.','Сокол','SLV16'),(67845,'с.','Соколаре','VRC08'),(67859,'с.','Соколарци','SLV11'),(67862,'с.','Соколенци','HKV11'),(67876,'с.','Соколец','BGS18'),(67882,'с.','Соколино','KRZ21'),(67893,'с.','Соколите','KRZ35'),(67903,'с.','Соколица','PDV13'),(67917,'с.','Соколник','DOB15'),(67920,'с.','Соколово','BGS09'),(67934,'с.','Соколово','GAB12'),(67948,'с.','Соколово','LOV18'),(67951,'с.','Соколово','DOB03'),(67965,'с.','Соколовци','SML31'),(67979,'с.','Соколско','KRZ16'),(67982,'с.','Соколяне','KRZ16'),(67996,'с.','Солари','GAB05'),(68000,'с.','Солища','SML31'),(68014,'с.','Солище','KRZ16'),(68028,'с.','Солник','VAR13'),(68045,'с.','Сомовит','PVN08'),(68059,'с.','Сопица','PER08'),(68062,'с.','Сопово','KNL05'),(68076,'с.','Сопот','LOV36'),(68080,'гр.','Сопот','PDV43'),(68093,'с.','Сопотот','SML27'),(68103,'с.','Полковник Иваново','DOB15'),(68117,'с.','Сотиря','SLV20'),(68120,'с.','Софийци','KRZ08'),(68134,'гр.','София','SOF46'),(68148,'с.','Софрониево','VRC28'),(68165,'с.','Спанци','GAB05'),(68179,'с.','Спанчевци','MON12'),(68182,'с.','Спасово','SZR36'),(68196,'с.','Спасово','DOB12'),(68210,'с.','Спасовци','GAB05'),(68223,'с.','Спатово','BLG40'),(68237,'с.','Спахиево','HKV19'),(68240,'с.','Сполука','KRZ02'),(68254,'с.','Срацимир','SLS31'),(68268,'с.','Срацимирово','VID15'),(68271,'с.','Сребриново','PAZ20'),(68299,'с.','Сребърна','SLS31'),(68309,'с.','Средец','SML18'),(68312,'с.','Средец','SZR23'),(68326,'с.','Средина','DOB12'),(68336,'с.','Срединка','KRZ16'),(68357,'с.','Средище','SLS15'),(68388,'с.','Средковец','SHU18'),(68401,'с.','Средна махала','BGS18'),(68415,'с.','Среднево','KRZ35'),(68429,'с.','Средни колиби','VTR13'),(68432,'с.','Средни рът','VRC32'),(68446,'с.','Средногорово','SZR12'),(68451,'с.','Средногорци','SML16'),(68463,'с.','Средно градище','SZR36'),(68480,'с.','Средно село','VAR08'),(68494,'с.','Средно село','VTR14'),(68504,'с.','Средня','SHU30'),(68518,'с.','Средогрив','VID37'),(68521,'с.','Средок','SML31'),(68535,'с.','Средорек','KNL50'),(68549,'с.','Средорек','SLV20'),(68552,'с.','Средоселци','RAZ14'),(68566,'с.','Средска','KRZ35'),(68577,'с.','Средско','KRZ14'),(68583,'с.','Срем','HKV32'),(68597,'с.','Срънско','KRZ02'),(68607,'с.','Ставерци','PVN10'),(68610,'с.','Стаевци','DOB29'),(68624,'с.','Стайновци','GAB35'),(68638,'с.','Стайчин дол','SML16'),(68641,'с.','Стайчовци','PER51'),(68655,'с.','Стакевци','VID01'),(68669,'с.','Сталево','HKV09'),(68672,'с.','Сталийска махала','MON24'),(68692,'с.','Стамболийски','HKV34'),(68708,'с.','Стамболово','VTR22'),(68713,'с.','Стамболово','RSE33'),(68727,'с.','Стамболово','HKV30'),(68730,'с.','Хан Аспарухово','SZR31'),(68744,'с.','Стан','SHU22'),(68758,'с.','Станево','MON24'),(68761,'с.','Станец','TGV22'),(68775,'с.','Станинци','SFO09'),(68789,'гр.','Дупница','KNL48'),(68792,'с.','Логодаж','BLG03'),(68802,'с.','Становец','SHU11'),(68816,'с.','Станча','GAB12'),(68823,'с.','Станчов хан','GAB35'),(68833,'с.','Станьовци','PER08'),(68847,'с.','Станянци','SHU10'),(68850,'гр.','Стара Загора','SZR31'),(68864,'с.','Стара река','SLV20'),(68878,'с.','Стара река','JAM25'),(68881,'с.','Стара речка','TGV02'),(68895,'с.','Старейшино','KRZ14'),(68919,'с.','Старилковци','GAB05'),(68936,'с.','Стари чал','KRZ15'),(68953,'с.','Старово','KRZ14'),(68967,'с.','Старо Железаре','PDV37'),(68970,'с.','Старозагорски бани','SZR31'),(68984,'с.','Старо място','KRZ16'),(68998,'с.','Старо Оряхово','VAR13'),(69002,'с.','Старопатица','VID22'),(69016,'с.','Старосел','PDV37'),(69020,'с.','Староселец','VAR24'),(69047,'с.','Старо селище','RAZ14'),(69050,'с.','Старо село','VRC27'),(69064,'с.','Старо село','PER36'),(69078,'с.','Старо село','SLS34'),(69081,'с.','Старо село','SLV20'),(69095,'с.','Староселци','PVN23'),(69105,'с.','Старцево','SML11'),(69119,'с.','Старчево','BLG33'),(69122,'с.','Стар читак','KRZ02'),(69136,'с.','Старчище','TGV02'),(69146,'с.','Стеврек','TGV02'),(69153,'с.','Стежерово','PVN16'),(69167,'с.','Стенско','KNL29'),(69170,'с.','Стефан Караджа','VAR09'),(69184,'с.','Стефан Караджа','SLS07'),(69198,'с.','Стефан Караджа','DOB15'),(69208,'с.','Стефан Караджово','JAM03'),(69211,'с.','Стефаново','GAB05'),(69225,'с.','Стефаново','LOV18'),(69239,'с.','Стефаново','PER36'),(69242,'с.','Стефаново','DOB15'),(69256,'с.','Стикъл','SML31'),(69261,'с.','Стоб','KNL27'),(69273,'с.','Стоево','PDV01'),(69287,'с.','Стоевци','GAB05'),(69290,'с.','Стожа','BLG40'),(69300,'с.','Стожер','DOB15'),(69314,'с.','Стоил войвода','SLV16'),(69328,'с.','Стоилово','BGS12'),(69345,'с.','Стойките','SML31'),(69359,'с.','Стойково','HKV34'),(69376,'с.','Стойново','TGV02'),(69393,'с.','Стойчевци','VTR13'),(69403,'с.','Стойчовци','GAB05'),(69417,'с.','Стоките','GAB29'),(69420,'с.','Столетово','PDV13'),(69434,'с.','Столетово','SZR23'),(69448,'с.','Столник','SFO17'),(69451,'с.','Столът','GAB29'),(69465,'с.','Стоманево','SML09'),(69479,'с.','Стоманеците','GAB05'),(69482,'с.','Стоманци','KRZ14'),(69496,'с.','Стоян-Заимово','SZR36'),(69506,'с.','Стоян Михайловски','SHU22'),(69518,'с.','Стояново','KRZ02'),(69523,'с.','Радювене','LOV18'),(69537,'с.','Стояново','MON12'),(69540,'с.','Стояновци','VTR13'),(69554,'с.','Стояновци','VRC32'),(69571,'с.','Страдалово','KNL31'),(69585,'с.','Стража','SML31'),(69599,'с.','Стража','TGV35'),(69609,'с.','Стражата','GAB35'),(69612,'с.','Стражевци','KRZ16'),(69633,'гр.','Стражица','VTR31'),(69643,'с.','Стражица','DOB03'),(69657,'с.','Стражница','KRZ35'),(69660,'гр.','Стралджа','JAM22'),(69674,'с.','Странджа','JAM03'),(69688,'с.','Странджево','KRZ15'),(69691,'с.','Странско','HKV09'),(69701,'с.','Страхил','VAR09'),(69715,'с.','Страхил войвода','KRZ16'),(69729,'с.','Страхилица','SHU07'),(69732,'с.','Страхилово','VTR26'),(69746,'с.','Страцин','BGS17'),(69759,'с.','Страшимир','SML11'),(69763,'с.','Страшимирово','VAR04'),(69777,'с.','Стрезимировци','PER51'),(69780,'с.','Стрелец','VTR06'),(69794,'с.','Стрелец','SZR31'),(69804,'с.','Стрелково','SLS15'),(69818,'с.','Стрелци','PDV07'),(69821,'с.','Стрелци','SLV11'),(69835,'гр.','Стрелча','PAZ32'),(69849,'с.','Стремово','KRZ16'),(69852,'с.','Стремци','KRZ16'),(69866,'с.','Стрижба','KRZ14'),(69874,'с.','Строево','PDV17'),(69883,'с.','Стройно','JAM07'),(69897,'с.','Стройновци','TGV02'),(69910,'с.','Струиндол','VID01'),(69924,'с.','Струино','SHU30'),(69938,'с.','Струма','BLG40'),(69941,'с.','Струмешница','BLG33'),(69969,'с.','Струмяни','BLG49'),(69972,'с.','Струпец','VRC32'),(69986,'с.','Струпец','SLV20'),(69990,'с.','Струя','BGS18'),(70007,'с.','Стръмци','GAB35'),(70010,'с.','Стряма','PDV25'),(70024,'с.','Стубел','MON29'),(70038,'с.','Студена','PER32'),(70041,'с.','Студена','SML16'),(70055,'с.','Студена','HKV28'),(70069,'с.','Студенец','RAZ17'),(70072,'с.','Студенец','SML38'),(70086,'с.','Студен извор','PER51'),(70099,'с.','Студеница','SHU11'),(70104,'с.','Студен кладенец','KRZ15'),(70113,'с.','Студено буче','MON29'),(70127,'с.','Стъргел','SFO10'),(70130,'с.','Стърмен','RSE04'),(70158,'с.','Стърница','SML02'),(70175,'гр.','Суворово','VAR26'),(70189,'с.','Сугарево','BLG40'),(70202,'с.','Сулица','SZR31'),(70216,'с.','Султани','VTR13'),(70220,'с.','Царевци','VAR01'),(70233,'с.','Сумер','MON29'),(70247,'гр.','Сунгурларе','BGS23'),(70250,'с.','Сусам','HKV19'),(70264,'с.','Суха река','VTR04'),(70278,'с.','Суха река','SHU23'),(70281,'с.','Сухаче','PVN37'),(70295,'гр.','Сухиндол','VTR32'),(70319,'с.','Сухово','KRZ02'),(70322,'с.','Суходол','BGS06'),(70336,'с.','Суходол','SLS07'),(70353,'с.','Сухозем','PDV12'),(70367,'с.','Сухолоевци','GAB12'),(70370,'с.','Сухострел','BLG44'),(70384,'с.','Сушево','RAZ11'),(70398,'с.','Сушина','SHU10'),(70408,'с.','Сушица','VTR31'),(70411,'с.','Сушица','KNL50'),(70439,'с.','Събковци','VTR13'),(70442,'с.','Съботковци','GAB05'),(70456,'с.','Събрано','SLV16'),(70473,'с.','Съдиево','BGS01'),(70487,'с.','Съдиево','SLV16'),(70490,'с.','Съдийско поле','SLV16'),(70500,'с.','Старо село','LOV34'),(70514,'с.','Съединение','BGS23'),(70528,'гр.','Съединение','PDV33'),(70531,'с.','Съединение','SZR04'),(70545,'с.','Съединение','TGV35'),(70559,'с.','Сърнак','KRZ15'),(70562,'с.','Сърневец','SZR04'),(70576,'с.','Сърнево','BGS09'),(70586,'с.','Сърнево','SZR27'),(70593,'с.','Сърнегор','PDV07'),(70603,'с.','Сърненци','VTR04'),(70617,'с.','Сърнец','DOB27'),(70620,'с.','Сърнино','SML31'),(70634,'с.','Сърнино','DOB12'),(70648,'гр.','Сърница','PAZ39'),(70651,'с.','Сърница','HKV19'),(70665,'с.','Сърпово','SLS31'),(70679,'с.','Сърцево','SLV24'),(70682,'с.','Сяново','SLS34'),(70696,'с.','Сяровци','GAB12'),(70706,'с.','Сярци','KRZ21'),(70723,'с.','Селановци','VRC31'),(70737,'с.','Сини връх','PDV01'),(70768,'с.','Стойковци','GAB05'),(70771,'с.','Седларци','KRZ02'),(70785,'с.','Сенце','KRZ21'),(70799,'с.','Селище','GAB29'),(70809,'с.','Сипец','KRZ08'),(70812,'с.','Сливенци','DOB15'),(70860,'с.','Стражец','RAZ26'),(72014,'с.','Табан','SFO16'),(72028,'с.','Табачка','RSE13'),(72031,'с.','Табашка','GAB29'),(72045,'с.','Таваличево','KNL29'),(72059,'с.','Вълчаново','BGS06'),(72062,'с.','Таймище','TGV02'),(72076,'с.','Тамарино','JAM22'),(72080,'с.','Смолник','BGS09'),(72093,'с.','Татарево','PDV23'),(72103,'с.','Татарево','HKV19'),(72117,'с.','Татари','PVN03'),(72120,'с.','Татково','KRZ16'),(72134,'с.','Татул','KRZ21'),(72148,'с.','Твърдинци','TGV35'),(72151,'с.','Твърдица','BGS04'),(72165,'гр.','Твърдица','SLV24'),(72179,'с.','Твърдица','DOB29'),(72182,'с.','Текето','HKV34'),(72196,'с.','Телериг','DOB20'),(72206,'с.','Телиш','PVN37'),(72211,'с.','Телчарка','KRZ08'),(72223,'гр.','Батановци','PER32'),(72237,'с.','Теменуга','VTR31'),(72240,'с.','Тенево','JAM25'),(72254,'с.','Тепава','LOV18'),(72268,'с.','Теплен','BLG52'),(72271,'гр.','Тервел','DOB27'),(72285,'с.','Тервел','SHU11'),(72299,'с.','Терзийско','BGS23'),(72309,'с.','Терзийско','LOV34'),(72312,'с.','Терзиите','VTR04'),(72337,'с.','Тертер','RAZ16'),(72343,'гр.','Тетевен','LOV33'),(72357,'с.','Тетово','RSE27'),(72360,'с.','Тешел','SML09'),(72374,'с.','Тешово','BLG52'),(72391,'с.','Тикале','SML31'),(72401,'с.','Тимарево','SHU11'),(72429,'с.','Тинтява','KRZ15'),(72432,'с.','Типченица','VRC27'),(72446,'с.','Титевци','VTR13'),(72452,'с.','Тиховец','TGV02'),(72463,'с.','Тихомир','KRZ14'),(72477,'с.','Тихомирово','SZR27'),(72480,'с.','Тича','SLV11'),(72494,'с.','Тишаново','KNL31'),(72504,'с.','Тишевица','VRC10'),(72518,'с.','Тияновци','VID06'),(72521,'с.','Тлачене','VRC08'),(72535,'с.','Тодореците','GAB35'),(72549,'с.','Тодор Икономово','SHU18'),(72552,'с.','Тодоричене','LOV19'),(72566,'с.','Тодорово','PVN24'),(72578,'с.','Тодорово','RAZ14'),(72583,'с.','Тодоровци','VTR04'),(72597,'с.','Тодоровци','GAB05'),(72607,'с.','Тодювци','VTR13'),(72610,'с.','Токачка','KRZ15'),(72624,'гр.','Добрич','DOB28'),(72638,'с.','Толовица','VID25'),(72641,'с.','Томбето','VTR13'),(72655,'с.','Томпсън','SFO43'),(72669,'с.','Томчевци','GAB35'),(72672,'с.','Тонско дабе','BLG33'),(72693,'с.','Топола','DOB17'),(72709,'с.','Тополи','VAR06'),(72713,'с.','Тополи дол','PAZ19'),(72727,'с.','Тополица','BGS01'),(72730,'с.','Тополка','KRZ15'),(72744,'с.','Тополница','BLG33'),(72758,'с.','Тополница','KNL48'),(72761,'гр.','Тополовград','HKV32'),(72775,'с.','Тополовец','VID22'),(72789,'с.','Тополово','PDV01'),(72792,'с.','Тополово','HKV18'),(72802,'с.','Тополчане','KRZ16'),(72816,'с.','Тополчане','SLV20'),(72824,'с.','Тополяне','SZR27'),(72833,'с.','Топузево','SLV11'),(72847,'с.','Топузи','VTR13'),(72850,'с.','Топчии','RAZ26'),(72864,'с.','Топчийско','BGS18'),(72878,'с.','Торбалъжите','GAB05'),(72881,'с.','Тотлебен','PVN27'),(72895,'с.','Точилари','RAZ16'),(72919,'с.','Тошевци','VID15'),(72922,'с.','Траве','SML02'),(72936,'с.','Травник','DOB17'),(72940,'с.','Трайково','MON24'),(72953,'с.','Тракиец','HKV34'),(72967,'с.','Тракийци','BGS06'),(72970,'с.','Тракия','SZR23'),(72998,'с.','Трапесковци','GAB05'),(73002,'с.','Трапище','RAZ17'),(73016,'с.','Трапоклово','SLV20'),(73033,'с.','Требище','SML31'),(73047,'с.','Трекляно','KNL50'),(73050,'с.','Трем','SHU11'),(73078,'с.','Трескавец','TGV02'),(73081,'с.','Триводици','PDV41'),(73095,'с.','Тригорци','DOB03'),(73105,'с.','Триград','SML09'),(73119,'с.','Три кладенци','VRC10'),(73122,'с.','Трилистник','PDV17'),(73136,'с.','Три могили','KRZ16'),(73147,'с.','Три могили','PDV01'),(73167,'с.','Трифоново','MON29'),(73170,'с.','Троица','SHU23'),(73184,'с.','Тросково','BLG44'),(73198,'гр.','Троян','LOV34'),(73208,'с.','Троян','HKV29'),(73211,'с.','Трояново','BGS08'),(73225,'с.','Трояново','SZR27'),(73242,'с.','Труд','PDV17'),(73256,'с.','Трудовец','SFO07'),(73262,'с.','Тръбач','RAZ17'),(73273,'гр.','Трън','PER51'),(73287,'с.','Трънак','BGS18'),(73290,'с.','Трънито','GAB05'),(73300,'с.','Тръница','SHU22'),(73314,'с.','Трънково','SZR27'),(73328,'с.','Трънково','JAM07'),(73331,'с.','Трънковци','VTR13'),(73345,'с.','Трънчовица','PVN16'),(73359,'гр.','Тръстеник','PVN10'),(73362,'с.','Тръстеник','RSE13'),(73376,'с.','Тръстика','TGV24'),(73388,'с.','Тръстиково','BGS08'),(73393,'с.','Тръстиково','VAR01'),(73403,'гр.','Трявна','GAB35'),(73417,'с.','Туден','SFO09'),(73420,'с.','Тулово','SZR22'),(73434,'с.','Тумбалово','GAB29'),(73448,'с.','Тумбевци','VTR13'),(73451,'с.','Турия','SZR24'),(73465,'с.','Туркинча','GAB12'),(73479,'с.','Туроковци','PER51'),(73482,'с.','Турян','SML31'),(73496,'гр.','Тутракан','SLS34'),(73506,'с.','Тутраканци','VAR24'),(73519,'с.','Туховища','BLG42'),(73523,'с.','Тученица','PVN24'),(73537,'с.','Тушовица','SHU10'),(73540,'с.','Тъжа','SZR24'),(73554,'с.','Тъкач','SHU18'),(73568,'с.','Тънки рът','VTR13'),(73571,'с.','Тънково','BGS15'),(73585,'с.','Тънково','HKV30'),(73599,'с.','Тънкото','SML16'),(73609,'с.','Тъпчилещово','TGV22'),(73612,'с.','Търговище','VID37'),(73626,'гр.','Търговище','TGV35'),(73634,'с.','Търкашени','VTR13'),(73643,'с.','Търнава','VRC08'),(73657,'с.','Търнава','JAM25'),(73660,'с.','Търнак','VRC08'),(73674,'с.','Търнене','PVN24'),(73688,'с.','Търничени','SZR24'),(73691,'с.','Търновлаг','KNL29'),(73701,'с.','Търновца','TGV35'),(73715,'с.','Търновци','KRZ08'),(73729,'с.','Търновци','SLS34'),(73732,'с.','Търносливка','KRZ02'),(73746,'с.','Търняне','VID09'),(73750,'с.','Търсино','KNL29'),(73763,'с.','Търхово','GAB29'),(73777,'с.','Търън','SML31'),(73780,'с.','Тюленово','DOB29'),(73794,'с.','Тюркмен','PDV07'),(73804,'с.','Тютюнче','KRZ08'),(73818,'с.','Тянево','DOB15'),(73821,'с.','Тянево','HKV29'),(73883,'с.','Тънка бара','SML18'),(73897,'с.','Търна','KRZ02'),(73924,'с.','Тополовец','VID33'),(75013,'с.','Угледно','TGV22'),(75023,'с.','Углярци','PER36'),(75037,'с.','Угорелец','GAB29'),(75040,'с.','Угорялковци','VTR13'),(75054,'гр.','Угърчин','LOV36'),(75068,'с.','Узово','DOB12'),(75085,'с.','Узунджово','HKV34'),(75099,'с.','Узуните','GAB05'),(75112,'с.','Умаревци','LOV18'),(75139,'с.','Урвата','GAB35'),(75143,'с.','Уровене','VRC21'),(75157,'с.','Уручевци','SML16'),(75174,'с.','Усойка','KNL05'),(75188,'с.','Устина','PDV26'),(75191,'с.','Устрем','HKV32'),(75201,'с.','Устрен','KRZ08'),(75215,'с.','Ухловица','SML31'),(75229,'с.','Ушевци','VTR04'),(75232,'с.','Уши','KNL50'),(75246,'с.','Ушинци','RAZ26'),(75254,'с.','Узуново','PDV01'),(76025,'с.','Фазаново','BGS13'),(76039,'с.','Факия','BGS06'),(76042,'с.','Фатово','SML31'),(76056,'с.','Велислав','BGS23'),(76064,'с.','Фелдфебел Денково','DOB15'),(76073,'с.','Филаретово','SLV11'),(76087,'с.','Върбица','HKV09'),(76090,'с.','Филипово','BLG01'),(76100,'с.','Филипово','HKV32'),(76114,'с.','Филиповци','PER51'),(76145,'с.','Флорентин','VID30'),(76159,'с.','Фотиново','KRZ14'),(76162,'с.','Фотиново','PAZ03'),(76180,'с.','Фролош','KNL27'),(76193,'с.','Фурен','VRC21'),(76203,'с.','Фъргово','BLG42'),(76217,'с.','Фърговци','GAB05'),(76220,'с.','Фъревци','GAB35'),(76234,'с.','Фъртуни','GAB35'),(77013,'с.','Хаджидимитрово','VTR28'),(77027,'с.','Хаджидимитрово','SZR12'),(77030,'с.','Хаджидимитрово','JAM25'),(77044,'с.','Хаджи Димитър','DOB17'),(77058,'гр.','Хаджидимово','BLG52'),(77061,'с.','Хаджиево','PAZ19'),(77089,'с.','Хаджиите','BGS09'),(77092,'с.','Хаджийско','KRZ14'),(77102,'с.','Хайредин','VRC35'),(77116,'с.','Брезен','KRZ02'),(77120,'с.','Халваджийско','TGV02'),(77150,'с.','Ханово','JAM25'),(77164,'с.','Харачерите','GAB05'),(77178,'с.','Харваловци','VTR13'),(77181,'гр.','Харманли','HKV33'),(77195,'гр.','Хасково','HKV34'),(77205,'с.','Хасовица','SML31'),(77219,'с.','Хвойна','SML38'),(77222,'с.','Хвостяне','BLG13'),(77236,'с.','Хвърчил','SFO56'),(77246,'с.','Хераково','SFO06'),(77253,'с.','Хирево','GAB29'),(77267,'с.','Хисар','KRZ15'),(77270,'гр.','Хисаря','PDV37'),(77284,'с.','Хитово','DOB15'),(77308,'гр.','Цар Калоян','RAZ36'),(77311,'с.','Хлевене','LOV18'),(77325,'с.','Хлябово','HKV32'),(77339,'с.','Ходжовци','KRZ16'),(77342,'с.','Хотанца','RSE27'),(77356,'с.','Хотница','VTR04'),(77361,'с.','Хотово','BLG40'),(77373,'с.','Храбрино','PDV26'),(77387,'с.','Храброво','VAR24'),(77390,'с.','Храброво','DOB03'),(77400,'с.','Храбърско','SFO06'),(77414,'с.','Храсна','BLG40'),(77428,'с.','Храстово','KRZ15'),(77431,'с.','Християново','SZR31'),(77445,'с.','Христовци','VTR13'),(77459,'с.','Христовци','GAB35'),(77462,'с.','Христо Даново','PDV13'),(77476,'с.','Хрищени','SZR31'),(77487,'с.','Хромица','KRZ02'),(77493,'с.','Хубавене','VRC32'),(77517,'с.','Хума','RAZ29'),(77520,'с.','Хухла','HKV11'),(77534,'с.','Хъневци','VTR13'),(77548,'с.','Хърлец','VRC20'),(77565,'с.','Хърсово','BLG40'),(77579,'с.','Хърсово','RAZ29'),(77582,'с.','Хърсово','SHU21'),(77596,'с.','Горно Краище','BLG02'),(78015,'с.','Цаконица','VRC27'),(78029,'с.','Цалапица','PDV26'),(78032,'с.','Цани Гинчево','SHU21'),(78046,'с.','Цапарево','BLG49'),(78056,'с.','Цар Асен','PAZ19'),(78063,'с.','Цар Асен','SLS01'),(78077,'с.','Цар Асен','TGV24'),(78080,'с.','Царацово','PDV17'),(78094,'с.','Царева поляна','HKV30'),(78104,'с.','Царев брод','SHU30'),(78118,'с.','Царев дол','SLS34'),(78121,'с.','Царевец','VTR28'),(78135,'с.','Царевец','VRC27'),(78149,'с.','Царевец','KRZ16'),(78152,'с.','Царевец','DOB15'),(78166,'с.','Царевци','TGV22'),(78171,'с.','Царимир','PDV33'),(78183,'с.','Царино','KRZ14'),(78197,'с.','Царичина','SFO26'),(78207,'с.','Цар Калоян','PDV42'),(78210,'с.','Хан Крум','SHU23'),(78224,'с.','Цар-Петрово','VID22'),(78238,'с.','Цар Самуил','SLS34'),(78241,'с.','Цацаровци','SML11'),(78255,'с.','Цацаровци','SFO16'),(78269,'с.','Цвеклювци','VTR13'),(78272,'с.','Цветино','PAZ08'),(78286,'с.','Цветкова бара','MON02'),(78297,'с.','Цветница','TGV35'),(78302,'с.','Цвятковци','GAB05'),(78313,'с.','Цвятово','KRZ08'),(78327,'с.','Цегриловци','PER51'),(78330,'с.','Целина','SZR36'),(78344,'с.','Ценино','SLV16'),(78358,'с.','Ценович','SLS31'),(78361,'с.','Ценово','RSE37'),(78375,'с.','Ценово','SZR36'),(78389,'с.','Цепераните','VTR04'),(78392,'с.','Церетелево','PDV33'),(78402,'с.','Церецел','SFO43'),(78416,'с.','Церковски','BGS09'),(78428,'с.','Церова кория','VTR04'),(78433,'с.','Церовец','RSE13'),(78447,'с.','Церовица','KNL29'),(78450,'с.','Церовище','TGV22'),(78464,'с.','Церово','BLG03'),(78478,'с.','Церово','PAZ14'),(78481,'с.','Церово','SFO43'),(78495,'с.','Циклово','KNL05'),(78505,'с.','Цирка','SML16'),(78519,'с.','Цонево','VAR16'),(78536,'с.','Цонковци','VTR04'),(78543,'с.','Црешново','KNL29'),(78553,'с.','Цръклевци','SFO16'),(78567,'с.','Црънча','SML10'),(78570,'с.','Црънча','PAZ19'),(78584,'с.','Църварица','KNL31'),(78598,'с.','Цървена ябълка','KNL29'),(78608,'с.','Цървендол','KNL29'),(78611,'с.','Цървеняно','KNL29'),(78625,'с.','Цървище','KNL27'),(78639,'с.','Църква','DOB03'),(78642,'с.','Църквица','KRZ08'),(78656,'с.','Църквица','SHU21'),(78669,'с.','Църквище','SFO47'),(80011,'с.','Чавдар','SFO57'),(80025,'с.','Чавдар','SML10'),(80039,'с.','Чавдарци','LOV18'),(80042,'с.','Чавдарци','VTR13'),(80056,'с.','Чавеи','GAB05'),(80065,'с.','Чавка','KRZ14'),(80073,'с.','Чайка','VAR24'),(80087,'с.','Чайка','KRZ21'),(80090,'с.','Чакаларово','KRZ14'),(80100,'с.','Чакали','VTR13'),(80114,'с.','Чакалите','GAB35'),(80128,'с.','Чакалци','KRZ08'),(80131,'с.','Кременец','KRZ21'),(80145,'с.','Чал','KRZ15'),(80159,'с.','Чала','SML05'),(80162,'с.','Чалъкови','PDV25'),(80176,'с.','Боровица','KRZ02'),(80193,'с.','Чамла','SML31'),(80203,'с.','Царски извор','VTR31'),(80217,'с.','Чарган','JAM25'),(80220,'с.','Чарда','JAM22'),(80248,'с.','Чеганци','KRZ16'),(80251,'с.','Чеканец','KNL31'),(80265,'с.','Чеканец','SFO16'),(80279,'с.','Чеканци','TGV02'),(80282,'с.','Чеканчево','SFO10'),(80296,'с.','Сини рид','BGS18'),(80306,'с.','Челник','JAM25'),(80311,'с.','Челопек','VRC10'),(80323,'с.','Челопеч','SFO58'),(80340,'с.','Челопечене','DOB17'),(80354,'с.','Челюстница','MON36'),(80368,'с.','Чемиш','MON14'),(80371,'гр.','Чепеларе','SML38'),(80385,'с.','Чепино','PER22'),(80399,'с.','Чепинци','SML27'),(80409,'с.','Чепинци','SOF46'),(80412,'с.','Чеплетен','SML31'),(80426,'с.','Чепърлинци','SFO16'),(80437,'с.','Червен','PDV01'),(80443,'с.','Червен','RSE13'),(80457,'с.','Червена','VTR28'),(80460,'с.','Червена вода','RSE27'),(80474,'с.','Червенаково','SLV24'),(80488,'с.','Червена могила','PER36'),(80491,'с.','Червен брег','KNL48'),(80501,'гр.','Червен бряг','PVN37'),(80515,'с.','Червенковци','VTR13'),(80529,'с.','Червенци','VAR09'),(80532,'с.','Черганово','SZR12'),(80546,'с.','Черенча','SHU30'),(80552,'с.','Черепово','HKV33'),(80563,'с.','Череша','BGS18'),(80594,'с.','Черешица','KRZ16'),(80604,'с.','Черешките','SML31'),(80618,'с.','Черешница','BLG40'),(80635,'с.','Черешовица','MON02'),(80649,'с.','Черешово','BLG02'),(80652,'с.','Черешово','RSE33'),(80666,'с.','Черешово','SML31'),(80678,'с.','Черешовска река','SML31'),(80683,'с.','Черкаски','MON12'),(80697,'с.','Черковица','PVN21'),(80707,'с.','Черковище','SFO56'),(80710,'с.','Черковна','VAR24'),(80724,'с.','Черковна','RAZ26'),(80738,'с.','Черковна','SLS10'),(80741,'с.','Черковна','TGV35'),(80755,'с.','Черково','BGS09'),(80769,'с.','Черна','DOB15'),(80772,'с.','Черна','SHU11'),(80786,'с.','Черна вода','TGV02'),(80793,'с.','Черна гора','SZR04'),(80813,'с.','Черна могила','BGS01'),(80827,'с.','Черна могила','HKV33'),(80830,'с.','Черна нива','KRZ35'),(80844,'с.','Черна скала','KRZ16'),(80861,'с.','Чернево','VAR26'),(80889,'с.','Черневци','GAB05'),(80892,'с.','Черни бряг','TGV02'),(80902,'с.','Черни Вит','LOV33'),(80916,'с.','Черни връх','BGS08'),(80933,'с.','Черни връх','MON11'),(80950,'с.','Черни връх','SHU25'),(80964,'с.','Чернигово','KRZ02'),(80978,'с.','Черни дял','VTR13'),(80981,'с.','Черни Осъм','LOV34'),(80995,'с.','Черни рид','HKV11'),(81006,'с.','Черница','BGS23'),(81013,'с.','Черниче','BLG44'),(81027,'с.','Черничево','KRZ15'),(81030,'с.','Черничево','PDV37'),(81044,'с.','Черничино','HKV11'),(81058,'с.','Черновръх','GAB35'),(81061,'с.','Черноглавци','SHU07'),(81075,'с.','Черногор','SLS07'),(81089,'с.','Черногорово','PAZ19'),(81092,'с.','Черногорово','HKV09'),(81102,'с.','Черноград','BGS01'),(81116,'с.','Чернодъб','HKV28'),(81121,'с.','Чернозем','JAM07'),(81133,'с.','Черноземен','PDV12'),(81147,'с.','Чернокапци','TGV22'),(81150,'с.','Чернолик','SLS10'),(81178,'гр.','Черноморец','BGS21'),(81181,'с.','Черноморци','DOB29'),(81195,'с.','Черноок','VAR24'),(81205,'с.','Чернооки','KRZ15'),(81219,'с.','Чернооково','DOB12'),(81222,'с.','Чернооково','SHU10'),(81236,'с.','Черноочене','KRZ35'),(81247,'с.','Черно поле','VID33'),(81253,'с.','Черньово','SFO20'),(81267,'с.','Черньовци','KRZ16'),(81270,'с.','Честименско','DOB27'),(81284,'с.','Четирци','KNL31'),(81308,'с.','Чехларе','PDV07'),(81325,'с.','Чешлянци','KNL50'),(81339,'с.','Чешма','VTR14'),(81342,'с.','Чешнегирово','PDV28'),(81356,'с.','Чибаовци','SFO26'),(81362,'с.','Чилик','KRZ16'),(81373,'с.','Чилнов','RSE08'),(81387,'с.','Чинтулово','SLV20'),(81390,'гр.','Чипровци','MON36'),(81400,'с.','Чирен','VRC10'),(81414,'гр.','Чирпан','SZR36'),(81428,'с.','Чистово','VTR14'),(81431,'с.','Читаковци','GAB05'),(81459,'с.','Чифлик','VID01'),(81462,'с.','Чифлик','KRZ16'),(81476,'с.','Чифлик','LOV34'),(81493,'с.','Чичево','KRZ14'),(81503,'с.','Чичил','VID22'),(81517,'с.','Чобанка','KRZ21'),(81520,'с.','Чокманово','SML31'),(81534,'с.','Чокоба','SLV20'),(81548,'с.','Чомаково','KRZ21'),(81551,'с.','Чомаковци','PVN37'),(81565,'с.','Чорбаджийско','KRZ14'),(81579,'с.','Чорул','SFO16'),(81582,'с.','Чубра','BGS23'),(81596,'с.','Чубрика','KRZ02'),(81606,'с.','Чудинци','KNL29'),(81619,'с.','Чудомир','RAZ17'),(81623,'с.','Чуйпетлово','PER32'),(81637,'с.','Тодорчета','GAB05'),(81640,'с.','Чукарка','BGS01'),(81654,'с.','Чукарово','HKV32'),(81668,'с.','Чуката','VTR14'),(81685,'с.','Чукилите','GAB05'),(81699,'с.','Чуковезер','SFO16'),(81709,'с.','Чуковец','PER36'),(81712,'с.','Чуковец','SLS01'),(81726,'с.','Чуково','GAB12'),(81734,'с.','Чуково','KRZ21'),(81743,'с.','Стражец','KRZ15'),(81757,'с.','Чупрене','VID37'),(81760,'с.','Чурек','SFO17'),(81774,'с.','Чурен','PDV26'),(81788,'с.','Чурилово','BLG33'),(81791,'с.','Чуричени','BLG33'),(81801,'с.','Чурка','SML16'),(81815,'с.','Чуруково','SML09'),(81829,'с.','Чучулига','HKV11'),(81832,'с.','Чучулигово','BLG33'),(81850,'с.','Черна Места','BLG53'),(81863,'с.','Чолакова','PAZ08'),(81904,'с.','Чарково','GAB05'),(81918,'с.','Червена локва','GAB05'),(81921,'с.','Червена скала','KRZ02'),(81935,'с.','Черешка','KRZ08'),(81952,'с.','Черна гора','PER32'),(81966,'с.','Черник','SLS10'),(81975,'с.','Чоба','PDV07'),(83017,'гр.','Шабла','DOB29'),(83020,'с.','Шаново','SZR22'),(83034,'с.','Шарани','GAB05'),(83048,'с.','Шаренска','SML16'),(83051,'с.','Шарково','JAM03'),(83082,'с.','Шатрово','KNL04'),(83106,'с.','Шейново','SZR12'),(83123,'с.','Шереметя','VTR04'),(83137,'с.','Дъбовица','BGS23'),(83154,'с.','Шиварово','BGS18'),(83168,'с.','Шиливери','VTR13'),(83171,'с.','Шилковци','VTR13'),(83185,'с.','Шипикова махала','VID03'),(83199,'гр.','Шипка','SZR12'),(83209,'с.','Шипковица','PER51'),(83212,'с.','Шипково','LOV34'),(83226,'с.','Шипок','KRZ14'),(83239,'с.','Шипот','VID16'),(83243,'с.','Шипочане','SFO39'),(83257,'с.','Шипочано','KNL29'),(83260,'с.','Шипчените','GAB05'),(83274,'с.','Широка лъка','SML31'),(83288,'с.','Широка поляна','HKV34'),(83291,'с.','Широки дол','SFO39'),(83301,'с.','Широково','RSE08'),(83315,'с.','Широко поле','KRZ16'),(83329,'с.','Шишенци','VID03'),(83332,'с.','Шишковица','TGV02'),(83354,'с.','Шишковци','KNL29'),(83363,'с.','Цар Шишманово','VID25'),(83377,'с.','Шишманово','HKV33'),(83380,'с.','Шишманци','PDV25'),(83394,'с.','Шияково','PVN08'),(83404,'с.','Шкорпиловци','VAR13'),(83418,'с.','Шодековци','VTR04'),(83421,'с.','Алендарова','PAZ08'),(83435,'с.','Шопите','GAB29'),(83449,'с.','Шопци','KRZ14'),(83452,'с.','Шубеци','VTR13'),(83466,'с.','Шума','SFO09'),(83497,'с.','Шумата','GAB29'),(83510,'гр.','Шумен','SHU30'),(83524,'с.','Шуменци','SLS34'),(83538,'с.','Шумнатица','KRZ14'),(83555,'с.','Шушня','GAB12'),(83586,'с.','Шемшево','VTR04'),(84019,'с.','Щерна','KRZ08'),(84022,'с.','Щипско','VAR09'),(84036,'с.','Щит','HKV28'),(84049,'с.','Щръклево','RSE13'),(84067,'с.','Щърково','PAZ14'),(85010,'с.','Ъглен','LOV19'),(86012,'с.','Югово','PDV15'),(86026,'с.','Юделник','RSE33'),(86030,'с.','Върхари','KRZ21'),(86043,'с.','Юлиево','SZR22'),(86057,'с.','Юнак','VAR01'),(86060,'с.','Юнаци','KRZ21'),(86074,'с.','Юнаците','PAZ19'),(86088,'с.','Юнец','VAR13'),(86091,'с.','Юпер','RAZ16'),(86101,'с.','Юруково','BLG53'),(86115,'с.','Юндола','PAZ08'),(87014,'гр.','Ябланица','LOV38'),(87028,'с.','Ябланица','SFO43'),(87031,'с.','Ябланово','SLV11'),(87059,'с.','Ябълковец','KRZ02'),(87062,'с.','Ябълково','KNL29'),(87076,'с.','Ябълково','HKV09'),(87081,'с.','Ябълковци','GAB35'),(87093,'с.','Ябълчево','BGS18'),(87103,'с.','Ябълчени','KRZ35'),(87117,'с.','Явор','GAB35'),(87120,'с.','Яворец','GAB05'),(87134,'с.','Яворница','BLG33'),(87148,'с.','Яворовец','SZR22'),(87165,'с.','Яворово','KRZ35'),(87179,'с.','Яврово','PDV42'),(87182,'с.','Яворово','SZR31'),(87206,'с.','Ягнило','VAR08'),(87212,'с.','Ягода','SZR22'),(87223,'с.','Ягодина','SML05'),(87237,'с.','Ягодово','MON02'),(87240,'с.','Ягодово','PDV26'),(87254,'с.','Яздач','SZR36'),(87271,'с.','Язовец','TGV02'),(87285,'с.','Яким Груево','RAZ14'),(87299,'с.','Якимово','MON38'),(87309,'с.','Яковица','KRZ14'),(87312,'с.','Яково','BLG33'),(87326,'с.','Яковци','VTR13'),(87338,'гр.','Якоруда','BLG53'),(87343,'с.','Ялботина','SFO16'),(87360,'с.','Ялово','VTR04'),(87374,'гр.','Ямбол','JAM26'),(87388,'с.','Ямино','KRZ08'),(87391,'с.','Ямна','SFO18'),(87401,'с.','Яна','SOF46'),(87415,'с.','Янино','KRZ14'),(87429,'с.','Янково','SHU25'),(87432,'с.','Янковци','GAB05'),(87446,'с.','Яново','BLG40'),(87453,'с.','Янтра','VTR06'),(87463,'с.','Янтра','GAB12'),(87477,'с.','Яньовец','VID16'),(87480,'с.','Ярджиловци','PER32'),(87494,'с.','Яребица','KRZ16'),(87504,'с.','Яребица','SLS10'),(87518,'с.','Яребична','VAR02'),(87521,'с.','Яребично','TGV02'),(87535,'с.','Яребковица','SFO39'),(87549,'с.','Ярловица','VID16'),(87552,'с.','Ярлово','SFO39'),(87566,'с.','Ярловци','PER51'),(87579,'с.','Ярославци','PER08'),(87583,'с.','Ясен','VID30'),(87597,'с.','Ясен','PVN24'),(87607,'с.','Ясените','GAB05'),(87610,'с.','Ясенково','SHU07'),(87624,'с.','Ясеновец','RAZ26'),(87638,'с.','Ясеново','BGS18'),(87641,'с.','Ясеново','SZR12'),(87655,'с.','Ясна поляна','BGS27'),(87669,'с.','Ясно поле','PDV17'),(87672,'с.','Ястреб','KRZ16'),(87686,'с.','Ястребино','TGV02'),(87694,'с.','Ястребна','SLS32'),(87700,'с.','Ястребово','RSE27'),(87713,'с.','Ястребово','SZR23'),(87727,'с.','Яхиново','KNL48'),(87802,'с.','Попови ливади','BLG11'),(87816,'с.','Свети Спас','SFO59');
/*!40000 ALTER TABLE `city` ENABLE KEYS */;
UNLOCK TABLES;

--
-- Table structure for table `municipality`
--

DROP TABLE IF EXISTS `municipality`;
/*!40101 SET @saved_cs_client     = @@character_set_client */;
/*!40101 SET character_set_client = utf8 */;
CREATE TABLE `municipality` (
  `municipality` varchar(5) CHARACTER SET utf8 COLLATE utf8_unicode_ci NOT NULL,
  `name` varchar(20) CHARACTER SET utf8 COLLATE utf8_unicode_ci DEFAULT NULL,
  `region` varchar(3) CHARACTER SET utf8 COLLATE utf8_unicode_ci DEFAULT NULL,
  `ekatte` int(5) DEFAULT NULL,
  PRIMARY KEY (`municipality`),
  KEY `region` (`region`),
  CONSTRAINT `municipality_ibfk_1` FOREIGN KEY (`region`) REFERENCES `region` (`region`)
) ENGINE=InnoDB DEFAULT CHARSET=utf8;
/*!40101 SET character_set_client = @saved_cs_client */;

--
-- Dumping data for table `municipality`
--

LOCK TABLES `municipality` WRITE;
/*!40000 ALTER TABLE `municipality` DISABLE KEYS */;
INSERT INTO `municipality` VALUES ('BGS01','Айтос','BGS',151),('BGS04','Бургас','BGS',7079),('BGS06','Средец','BGS',17974),('BGS08','Камено','BGS',35883),('BGS09','Карнобат','BGS',36525),('BGS12','Малко Търново','BGS',46663),('BGS13','Царево','BGS',48619),('BGS15','Несебър','BGS',51500),('BGS17','Поморие','BGS',57491),('BGS18','Руен','BGS',63224),('BGS21','Созопол','BGS',67800),('BGS23','Сунгурларе','BGS',70247),('BGS27','Приморско','BGS',58356),('BLG01','Банско','BLG',2676),('BLG02','Белица','BLG',3504),('BLG03','Благоевград','BLG',4279),('BLG11','Гоце Делчев','BLG',17395),('BLG13','Гърмен','BLG',18366),('BLG28','Кресна','BLG',14492),('BLG33','Петрич','BLG',56126),('BLG37','Разлог','BLG',61813),('BLG40','Сандански','BLG',65334),('BLG42','Сатовча','BLG',65440),('BLG44','Симитли','BLG',66460),('BLG49','Струмяни','BLG',69969),('BLG52','Хаджидимово','BLG',77058),('BLG53','Якоруда','BLG',87338),('DOB03','Балчик','DOB',2508),('DOB12','Генерал Тошево','DOB',14711),('DOB15','Добрич-селска','DOB',72624),('DOB17','Каварна','DOB',35064),('DOB20','Крушари','DOB',40097),('DOB27','Тервел','DOB',72271),('DOB28','Добрич','DOB',72624),('DOB29','Шабла','DOB',83017),('GAB05','Габрово','GAB',14218),('GAB12','Дряново','GAB',23947),('GAB29','Севлиево','GAB',65927),('GAB35','Трявна','GAB',73403),('HKV09','Димитровград','HKV',21052),('HKV11','Ивайловград','HKV',32024),('HKV17','Любимец','HKV',44570),('HKV18','Маджарово','HKV',46084),('HKV19','Минерални бани','HKV',48297),('HKV28','Свиленград','HKV',65677),('HKV29','Симеоновград','HKV',47278),('HKV30','Стамболово','HKV',68727),('HKV32','Тополовград','HKV',72761),('HKV33','Харманли','HKV',77181),('HKV34','Хасково','HKV',77195),('JAM03','Болярово','JAM',5284),('JAM07','Елхово','JAM',27382),('JAM22','Стралджа','JAM',69660),('JAM25','Тунджа','JAM',87374),('JAM26','Ямбол','JAM',87374),('KNL04','Бобов дол','KNL',4501),('KNL05','Бобошево','KNL',4532),('KNL27','Кочериново','KNL',39116),('KNL29','Кюстендил','KNL',41112),('KNL31','Невестино','KNL',51216),('KNL38','Рила','KNL',62671),('KNL41','Сапарева баня','KNL',65365),('KNL48','Дупница','KNL',68789),('KNL50','Трекляно','KNL',73047),('KRZ02','Ардино','KRZ',607),('KRZ08','Джебел','KRZ',20746),('KRZ14','Кирково','KRZ',36926),('KRZ15','Крумовград','KRZ',39970),('KRZ16','Кърджали','KRZ',40909),('KRZ21','Момчилград','KRZ',48996),('KRZ35','Черноочене','KRZ',81236),('LOV02','Априлци','LOV',52218),('LOV17','Летница','LOV',43476),('LOV18','Ловеч','LOV',43952),('LOV19','Луковит','LOV',44327),('LOV33','Тетевен','LOV',72343),('LOV34','Троян','LOV',73198),('LOV36','Угърчин','LOV',75054),('LOV38','Ябланица','LOV',87014),('MON02','Берковица','MON',3928),('MON04','Бойчиновци','MON',5236),('MON07','Брусарци','MON',6570),('MON11','Вълчедръм','MON',12543),('MON12','Вършец','MON',12961),('MON14','Георги Дамяново','MON',14773),('MON24','Лом','MON',44238),('MON26','Медковец','MON',47593),('MON29','Монтана','MON',48489),('MON36','Чипровци','MON',81390),('MON38','Якимово','MON',87299),('PAZ03','Батак','PAZ',2837),('PAZ04','Белово','PAZ',3592),('PAZ06','Брацигово','PAZ',6207),('PAZ08','Велинград','PAZ',10450),('PAZ14','Лесичово','PAZ',43369),('PAZ19','Пазарджик','PAZ',55155),('PAZ20','Панагюрище','PAZ',55302),('PAZ21','Пещера','PAZ',56277),('PAZ24','Ракитово','PAZ',62004),('PAZ29','Септември','PAZ',66264),('PAZ32','Стрелча','PAZ',69835),('PAZ39','Сърница','PAZ',70648),('PDV01','Асеновград','PDV',702),('PDV07','Брезово','PDV',6361),('PDV12','Калояново','PDV',35523),('PDV13','Карлово','PDV',36498),('PDV15','Лъки','PDV',44478),('PDV17','Марица','PDV',56784),('PDV22','Пловдив','PDV',56784),('PDV23','Първомай','PDV',59080),('PDV25','Раковски','PDV',62075),('PDV26','Родопи','PDV',56784),('PDV28','Садово','PDV',65139),('PDV33','Съединение','PDV',70528),('PDV37','Хисаря','PDV',77270),('PDV39','Кричим','PDV',39921),('PDV40','Перущица','PDV',55909),('PDV41','Стамболийски','PDV',51980),('PDV42','Куклен','PDV',40467),('PDV43','Сопот','PDV',68080),('PER08','Брезник','PER',6286),('PER19','Земен','PER',30778),('PER22','Ковачевци','PER',37513),('PER32','Перник','PER',55871),('PER36','Радомир','PER',61577),('PER51','Трън','PER',73273),('PVN03','Белене','PVN',3366),('PVN08','Гулянци','PVN',18099),('PVN10','Долна Митрополия','PVN',22215),('PVN11','Долни Дъбник','PVN',22407),('PVN16','Левски','PVN',43236),('PVN21','Никопол','PVN',51723),('PVN23','Искър','PVN',55782),('PVN24','Плевен','PVN',56722),('PVN27','Пордим','PVN',57772),('PVN37','Червен бряг','PVN',80501),('PVN39','Кнежа','PVN',37376),('RAZ11','Завет','RAZ',30065),('RAZ14','Исперих','RAZ',32874),('RAZ16','Кубрат','RAZ',40422),('RAZ17','Лозница','RAZ',44166),('RAZ26','Разград','RAZ',61710),('RAZ29','Самуил','RAZ',65276),('RAZ36','Цар Калоян','RAZ',77308),('RSE03','Борово','RSE',5611),('RSE04','Бяла','RSE',7603),('RSE05','Ветово','RSE',10803),('RSE08','Две могили','RSE',20184),('RSE13','Иваново','RSE',32095),('RSE27','Русе','RSE',63427),('RSE33','Сливо поле','RSE',67444),('RSE37','Ценово','RSE',78361),('SFO06','Божурище','SFO',5027),('SFO07','Ботевград','SFO',5815),('SFO09','Годеч','SFO',15309),('SFO10','Горна Малина','SFO',16314),('SFO16','Драгоман','SFO',23409),('SFO17','Елин Пелин','SFO',27303),('SFO18','Етрополе','SFO',27632),('SFO20','Ихтиман','SFO',32901),('SFO24','Копривщица','SFO',38558),('SFO25','Костенец','SFO',38902),('SFO26','Костинброд','SFO',38978),('SFO34','Правец','SFO',58030),('SFO39','Самоков','SFO',65231),('SFO43','Своге','SFO',65869),('SFO45','Сливница','SFO',67372),('SFO47','Златица','SFO',31044),('SFO54','Антон','SFO',504),('SFO55','Пирдоп','SFO',56407),('SFO56','Мирково','SFO',48324),('SFO57','Чавдар','SFO',80011),('SFO58','Челопеч','SFO',80323),('SFO59','Долна баня','SFO',22006),('SHU07','Венец','SHU',10642),('SHU10','Върбица','SHU',12766),('SHU11','Хитрино','SHU',14516),('SHU18','Каолиново','SHU',36079),('SHU19','Каспичан','SHU',36587),('SHU21','Никола Козлево','SHU',51651),('SHU22','Нови пазар','SHU',52009),('SHU23','Велики Преслав','SHU',58222),('SHU25','Смядово','SHU',67708),('SHU30','Шумен','SHU',83510),('SLS01','Алфатар','SLS',415),('SLS07','Главиница','SLS',15031),('SLS10','Дулово','SLS',24030),('SLS15','Кайнарджа','SLS',35242),('SLS31','Силистра','SLS',66425),('SLS32','Ситово','SLS',66665),('SLS34','Тутракан','SLS',73496),('SLV11','Котел','SLV',39030),('SLV16','Нова Загора','SLV',51809),('SLV20','Сливен','SLV',67338),('SLV24','Твърдица','SLV',72165),('SML02','Баните','SML',44402),('SML05','Борино','SML',5462),('SML09','Девин','SML',20465),('SML10','Доспат','SML',23025),('SML11','Златоград','SML',31111),('SML16','Мадан','SML',46045),('SML18','Неделино','SML',51319),('SML27','Рудозем','SML',63207),('SML31','Смолян','SML',67653),('SML38','Чепеларе','SML',80371),('SOF46','Столична','SOF',68134),('SZR04','Братя Даскалови','SZR',6183),('SZR07','Гълъбово','SZR',18280),('SZR12','Казанлък','SZR',35167),('SZR22','Мъглиж','SZR',49494),('SZR23','Опан','SZR',53576),('SZR24','Павел баня','SZR',55021),('SZR27','Раднево','SZR',61460),('SZR31','Стара Загора','SZR',68850),('SZR36','Чирпан','SZR',81414),('SZR37','Гурково','SZR',18157),('SZR38','Николаево','SZR',51648),('TGV02','Антоново','TGV',518),('TGV22','Омуртаг','TGV',53535),('TGV23','Опака','TGV',53552),('TGV24','Попово','TGV',57649),('TGV35','Търговище','TGV',73626),('VAR01','Аврен','VAR',84),('VAR02','Аксаково','VAR',182),('VAR04','Белослав','VAR',3719),('VAR05','Бяла','VAR',7598),('VAR06','Варна','VAR',10135),('VAR08','Ветрино','VAR',10865),('VAR09','Вълчи дол','VAR',12574),('VAR13','Долни чифлик','VAR',21912),('VAR14','Девня','VAR',20482),('VAR16','Дългопол','VAR',24565),('VAR24','Провадия','VAR',58503),('VAR26','Суворово','VAR',70175),('VID01','Белоградчик','VID',3616),('VID03','Бойница','VID',5195),('VID06','Брегово','VID',6224),('VID09','Видин','VID',10971),('VID15','Грамада','VID',17645),('VID16','Димово','VID',21097),('VID22','Кула','VID',40525),('VID25','Макреш','VID',46245),('VID30','Ново село','VID',52180),('VID33','Ружинци','VID',63255),('VID37','Чупрене','VID',81757),('VRC05','Борован','VRC',5548),('VRC08','Бяла Слатина','VRC',7702),('VRC10','Враца','VRC',12259),('VRC20','Козлодуй','VRC',37798),('VRC21','Криводол','VRC',39846),('VRC27','Мездра','VRC',47714),('VRC28','Мизия','VRC',48043),('VRC31','Оряхово','VRC',54020),('VRC32','Роман','VRC',62997),('VRC35','Хайредин','VRC',77102),('VTR04','Велико Търново','VTR',10447),('VTR06','Горна Оряховица','VTR',16359),('VTR13','Елена','VTR',27190),('VTR14','Златарица','VTR',30962),('VTR20','Лясковец','VTR',44793),('VTR22','Павликени','VTR',55052),('VTR26','Полски Тръмбеш','VTR',57354),('VTR28','Свищов','VTR',65766),('VTR31','Стражица','VTR',69633),('VTR32','Сухиндол','VTR',70295);
/*!40000 ALTER TABLE `municipality` ENABLE KEYS */;
UNLOCK TABLES;

--
-- Table structure for table `region`
--

DROP TABLE IF EXISTS `region`;
/*!40101 SET @saved_cs_client     = @@character_set_client */;
/*!40101 SET character_set_client = utf8 */;
CREATE TABLE `region` (
  `region` varchar(3) CHARACTER SET utf8 COLLATE utf8_unicode_ci NOT NULL,
  `name` varchar(20) CHARACTER SET utf8 COLLATE utf8_unicode_ci DEFAULT NULL,
  `ekatte` int(5) DEFAULT NULL,
  PRIMARY KEY (`region`),
  UNIQUE KEY `name` (`name`)
) ENGINE=InnoDB DEFAULT CHARSET=utf8;
/*!40101 SET character_set_client = @saved_cs_client */;

--
-- Dumping data for table `region`
--

LOCK TABLES `region` WRITE;
/*!40000 ALTER TABLE `region` DISABLE KEYS */;
INSERT INTO `region` VALUES ('BGS','Бургас',7079),('BLG','Благоевград',4279),('DOB','Добрич',72624),('GAB','Габрово',14218),('HKV','Хасково',77195),('JAM','Ямбол',87374),('KNL','Кюстендил',41112),('KRZ','Кърджали',40909),('LOV','Ловеч',43952),('MON','Монтана',48489),('PAZ','Пазарджик',55155),('PDV','Пловдив',56784),('PER','Перник',55871),('PVN','Плевен',56722),('RAZ','Разград',61710),('RSE','Русе',63427),('SFO','София',68134),('SHU','Шумен',83510),('SLS','Силистра',66425),('SLV','Сливен',67338),('SML','Смолян',67653),('SOF','София (столица)',68134),('SZR','Стара Загора',68850),('TGV','Търговище',73626),('VAR','Варна',10135),('VID','Видин',10971),('VRC','Враца',12259),('VTR','Велико Търново',10447);
/*!40000 ALTER TABLE `region` ENABLE KEYS */;
UNLOCK TABLES;
/*!40103 SET TIME_ZONE=@OLD_TIME_ZONE */;

/*!40101 SET SQL_MODE=@OLD_SQL_MODE */;
/*!40014 SET FOREIGN_KEY_CHECKS=@OLD_FOREIGN_KEY_CHECKS */;
/*!40014 SET UNIQUE_CHECKS=@OLD_UNIQUE_CHECKS */;
/*!40101 SET CHARACTER_SET_CLIENT=@OLD_CHARACTER_SET_CLIENT */;
/*!40101 SET CHARACTER_SET_RESULTS=@OLD_CHARACTER_SET_RESULTS */;
/*!40101 SET COLLATION_CONNECTION=@OLD_COLLATION_CONNECTION */;
/*!40111 SET SQL_NOTES=@OLD_SQL_NOTES */;

-- Dump completed on 2018-07-11 16:41:17
